total_bytes,total_packets,flow_duration,bytes_per_second,packets_per_second,avg_packet_size,std_packet_size,packet_size_variance,avg_inter_arrival_time,protocol_type,protocol_diversity,unique_dst_ports,unique_src_ports,is_encrypted,tcp_flag_ratio,payload_entropy,bidirectional_ratio,time_of_day,connection_rate,failed_connection_ratio,port_scan_indicator
0,2,0.0,0.0,41666.7,3.0,0.0,0.0,0.0,OTHER,1,1,1,0,0.0,0.1,0.0,evening,4166.67,0.0,0
454,4,0.0,454000.0,15384.6,140.5,104.6,10944.3,0.0001,UDP,1,1,1,0,0.0,4.7,0.5,evening,1538.46,0.0,0
0,2,0.0,0.0,38461.5,0.0,0.0,0.0,0.0001,OTHER,1,1,1,0,1.0,0.0,0.5,afternoon,3846.15,0.0,0
5527,18,0.25,22400.9,73.0,339.7,726.7,528151.1,0.0145,TCP,1,1,1,1,0.0,6.0,0.39,evening,7.3,0.0,0
0,5,0.01,0.0,805.3,7.4,15.1,228.2,0.0016,TCP,1,1,1,1,1.0,0.2,0.0,evening,80.53,0.0,0
190,4,0.0,190000.0,13986.0,72.2,34.0,1153.2,0.0001,UDP,1,1,1,0,0.0,2.4,0.5,afternoon,1398.6,0.0,0
11884,30,22.94,518.0,1.3,478.0,686.3,471048.1,0.7911,TCP,1,1,1,1,0.0,6.0,0.43,afternoon,0.13,0.0,0
0,2,0.0,0.0,25974.0,0.0,0.0,0.0,0.0001,OTHER,1,1,1,0,1.0,0.0,0.5,afternoon,2597.4,0.0,0
168,4,0.22,775.0,18.5,66.8,27.9,780.3,0.0723,UDP,1,1,1,0,0.0,2.2,0.5,evening,1.85,0.0,0
0,2,0.0,0.0,23529.4,0.0,0.0,0.0,0.0001,OTHER,1,1,1,0,1.0,0.0,0.5,afternoon,2352.94,0.0,0
0,5,13.63,0.0,0.4,0.0,0.0,0.0,3.408,TCP,1,1,1,0,1.0,0.0,0.4,evening,0.04,0.0,0
576,34,110.66,5.2,0.3,119.2,493.0,243047.8,3.3533,TCP,1,1,1,1,0.0,4.0,0.47,night,0.03,0.0,0
602,14,1.23,489.6,11.4,100.1,159.0,25282.8,0.0946,TCP,1,1,1,1,0.0,3.3,0.57,morning,1.14,0.0,0
202,4,0.13,1512.4,29.9,82.8,31.8,1009.2,0.0445,UDP,1,1,1,0,0.0,2.8,0.5,afternoon,2.99,0.0,0
132,4,0.02,5511.0,167.0,58.5,17.5,307.2,0.008,UDP,1,1,1,0,0.0,1.9,0.5,evening,16.7,0.0,0
194,4,0.19,1031.6,21.3,82.2,28.5,811.2,0.0627,UDP,1,1,1,0,0.0,2.7,0.5,evening,2.13,0.0,0
975,14,0.12,8384.1,120.4,122.2,237.2,56279.2,0.0089,TCP,1,1,1,1,0.0,4.1,0.29,afternoon,12.04,0.0,0
48,17,75.45,0.6,0.2,6.4,0.0,0.0,4.7155,TCP,1,1,1,0,1.0,0.2,0.47,morning,0.02,0.0,0
108,4,0.0,108000.0,24844.7,55.5,8.8,76.8,0.0001,UDP,1,1,1,0,0.0,1.9,0.5,evening,2484.47,0.0,0
94,4,0.0,94000.0,29629.6,46.8,8.8,76.8,0.0,UDP,1,1,1,0,0.0,1.6,0.5,evening,2962.96,0.0,0
0,2,0.01,0.0,177.8,0.0,0.0,0.0,0.0113,TCP,1,1,1,0,1.0,0.0,0.0,evening,17.78,0.0,0
4624,40,115.63,40.0,0.3,140.8,353.0,124577.6,2.965,TCP,1,1,1,1,0.0,4.7,0.45,afternoon,0.03,0.0,0
234,4,0.0,234000.0,14869.9,83.2,46.0,2116.8,0.0001,UDP,1,1,1,0,0.0,2.8,0.5,morning,1486.99,0.0,0
179,2,0.06,2883.1,32.2,140.5,73.9,5461.3,0.0621,UDP,1,1,1,0,0.0,4.7,0.5,evening,3.22,0.0,0
78,2,0.06,1275.7,32.7,85.0,18.5,341.3,0.0611,UDP,1,1,1,0,0.0,2.8,0.5,morning,3.27,0.0,0
0,2,0.0,0.0,41666.7,3.0,0.0,0.0,0.0,OTHER,1,1,1,0,0.0,0.1,0.0,evening,4166.67,0.0,0
0,2,0.0,0.0,36363.6,0.0,0.0,0.0,0.0001,OTHER,1,1,1,0,1.0,0.0,0.5,afternoon,3636.36,0.0,0
802,30,116.07,6.9,0.3,44.1,160.0,25595.8,4.0022,TCP,1,1,1,0,0.0,1.5,0.47,afternoon,0.03,0.0,0
0,2,0.0,0.0,35714.3,0.0,0.0,0.0,0.0001,OTHER,1,1,1,0,1.0,0.0,0.5,morning,3571.43,0.0,0
0,2,0.0,0.0,1000000.0,31.0,17.9,320.3,0.0,OTHER,1,1,1,0,0.5,1.0,0.0,morning,100000.0,0.0,0
1779,16,48.92,36.4,0.3,139.1,433.0,187501.4,3.2611,TCP,1,1,1,0,0.0,4.6,0.5,evening,0.03,0.0,0
194,6,0.05,4046.2,125.1,68.2,26.3,694.3,0.0096,UDP,1,1,1,0,0.0,2.3,0.33,night,12.51,0.0,0
111,2,0.06,1837.4,33.1,104.5,35.8,1281.3,0.0604,UDP,1,1,1,0,0.0,3.5,0.5,morning,3.31,0.0,0
198,4,0.0,198000.0,14035.1,75.8,35.1,1228.8,0.0001,UDP,1,1,1,0,0.0,2.5,0.5,night,1403.51,0.0,0
0,2,0.0,0.0,666666.7,21.0,0.0,0.0,0.0,OTHER,1,1,1,0,0.0,0.7,0.0,night,66666.67,0.0,0
272,4,0.06,4217.6,62.0,97.2,53.1,2822.7,0.0215,UDP,1,1,1,0,0.0,3.2,0.5,night,6.2,0.0,0
288,4,0.03,9117.7,126.6,99.8,58.6,3434.7,0.0105,UDP,1,1,1,0,0.0,3.3,0.5,night,12.66,0.0,0
96,4,65.04,1.5,0.1,60.0,0.0,0.0,21.7,UDP,1,1,1,0,0.0,2.0,0.5,morning,0.01,0.0,0
0,3,0.0,0.0,1758.5,16.3,12.5,156.2,0.0009,OTHER,1,1,1,0,1.0,0.5,0.0,night,175.85,0.0,0
0,3,0.0,0.0,28037.4,0.0,0.0,0.0,0.0001,OTHER,1,1,1,0,1.0,0.0,0.67,night,2803.74,0.0,0
12,4,0.0,12000.0,307692.3,4.5,2.2,4.8,0.0,OTHER,1,1,1,0,0.0,0.1,0.5,morning,30769.23,0.0,0
12,4,0.0,12000.0,30769.2,4.5,2.2,4.8,0.0,TCP,1,1,1,0,0.0,0.1,0.5,morning,3076.92,0.0,0
0,3,0.09,0.0,33.9,0.0,0.0,0.0,0.0442,OTHER,1,1,1,0,1.0,0.0,0.33,morning,3.39,0.0,0
144,4,0.0,144000.0,19230.8,66.0,17.5,307.2,0.0001,UDP,1,1,1,0,0.0,2.2,0.5,night,1923.08,0.0,0
506,4,0.1,5030.1,39.8,148.2,122.7,15052.8,0.0335,UDP,1,1,1,0,0.0,4.9,0.5,night,3.98,0.0,0
232,4,0.0,232000.0,19802.0,85.0,43.8,1920.0,0.0001,UDP,1,1,1,0,0.0,2.8,0.5,morning,1980.2,0.0,0
7845,25,0.42,18569.7,59.2,359.2,577.1,333013.1,0.0176,TCP,1,1,1,1,0.0,6.0,0.44,morning,5.92,0.0,0
6,30,0.02,272.2,1361.2,1969.0,855.5,731888.8,0.0008,OTHER,1,1,1,0,1.0,6.0,0.03,evening,136.12,0.0,0
202,4,0.05,4168.9,82.6,76.0,36.7,1346.7,0.0162,UDP,1,1,1,0,0.0,2.5,0.5,morning,8.26,0.0,0
164,10,5.35,30.6,1.9,77.5,154.8,23949.7,0.5948,TCP,1,1,1,1,0.0,2.6,0.4,night,0.19,0.0,0
0,2,0.0,0.0,666666.7,31.0,17.9,320.3,0.0,OTHER,1,1,1,0,0.5,1.0,0.0,night,66666.67,0.0,0
37,5,20.87,1.8,0.2,11.0,11.0,120.2,5.2181,TCP,1,1,1,1,1.0,0.4,0.6,afternoon,0.02,0.0,0
0,2,0.0,0.0,46511.6,9.0,0.0,0.0,0.0,TCP,1,1,1,1,1.0,0.3,0.0,night,4651.16,0.0,0
0,2,0.0,0.0,666666.7,9.0,0.0,0.0,0.0,OTHER,1,1,1,0,1.0,0.3,0.0,evening,66666.67,0.0,0
180,4,0.0,180000.0,21621.6,73.5,28.5,811.2,0.0001,UDP,1,1,1,0,0.0,2.5,0.5,evening,2162.16,0.0,0
53923,79,116.88,461.4,0.7,693.9,1001.5,1002951.0,1.4984,TCP,1,1,1,1,0.0,6.0,0.56,morning,0.07,0.0,0
204,4,0.03,6554.0,128.5,75.0,38.3,1470.0,0.0104,UDP,1,1,1,0,0.0,2.5,0.5,evening,12.85,0.0,0
943,15,0.15,6448.3,102.6,124.8,249.7,62328.3,0.0104,TCP,1,1,1,1,0.0,4.2,0.33,morning,10.26,0.0,0
96,4,0.05,1897.5,79.1,48.0,8.8,76.8,0.0169,UDP,1,1,1,0,0.0,1.6,0.5,evening,7.91,0.0,0
164,4,0.0,164000.0,27210.9,90.5,8.8,76.8,0.0,UDP,1,1,1,0,0.0,3.0,0.5,morning,2721.09,0.0,0
0,6,14.34,0.0,0.4,0.0,0.0,0.0,2.8674,TCP,1,1,1,1,0.0,0.0,0.83,afternoon,0.04,0.0,0
0,2,0.0,0.0,47619.0,0.0,0.0,0.0,0.0,OTHER,1,1,1,0,1.0,0.0,0.5,evening,4761.9,0.0,0
208,4,0.02,8797.9,169.2,88.8,30.1,907.5,0.0079,UDP,1,1,1,0,0.0,3.0,0.5,morning,16.92,0.0,0
204,4,0.0,204000.0,20100.5,75.0,38.3,1470.0,0.0001,UDP,1,1,1,0,0.0,2.5,0.5,afternoon,2010.05,0.0,0
3583,37,110.62,32.4,0.3,132.6,364.0,132466.7,3.0726,TCP,1,1,1,1,0.0,4.4,0.49,night,0.03,0.0,0
232,4,0.05,4785.6,82.5,86.5,42.7,1825.2,0.0162,UDP,1,1,1,0,0.0,2.9,0.5,evening,8.25,0.0,0
2862,12,10.27,278.6,1.2,415.8,609.7,371726.4,0.9339,TCP,1,1,1,0,0.0,6.0,0.58,evening,0.12,0.0,0
6841,20,11.99,570.3,1.7,488.7,632.6,400233.4,0.6313,TCP,1,1,1,1,0.0,6.0,0.55,afternoon,0.17,0.0,0
182,4,0.02,7635.2,167.8,71.0,31.2,974.7,0.0079,UDP,1,1,1,0,0.0,2.4,0.5,afternoon,16.78,0.0,0
46,6,5.41,8.5,1.1,37.8,18.9,356.0,1.0818,TCP,1,1,1,1,0.5,1.3,0.17,evening,0.11,0.0,0
0,4,5.48,0.0,0.7,3.0,3.3,10.8,1.8268,TCP,1,1,1,0,0.0,0.1,0.25,morning,0.07,0.0,0
4195,19,0.15,27765.1,125.8,247.5,456.2,208073.9,0.0084,TCP,1,1,1,1,0.0,6.0,0.47,afternoon,12.58,0.0,0
46,6,5.57,8.3,1.1,37.8,18.9,356.0,1.1131,TCP,1,1,1,1,0.5,1.3,0.17,afternoon,0.11,0.0,0
326,4,0.0,326000.0,22471.9,140.8,46.0,2116.8,0.0001,OTHER,1,1,1,0,0.0,4.7,0.5,night,2247.19,0.0,0
951,15,14.96,63.6,1.0,128.0,241.7,58418.1,1.0688,TCP,1,1,1,1,0.0,4.3,0.47,night,0.1,0.0,0
3710,15,5.55,668.8,2.7,271.8,489.3,239411.6,0.3962,TCP,1,1,1,1,0.0,6.0,0.4,afternoon,0.27,0.0,0
36953,42,0.51,72569.7,82.5,895.1,1169.6,1368058.1,0.0124,TCP,1,1,1,1,0.0,6.0,0.55,evening,8.25,0.0,0
104,2,0.12,871.9,16.8,99.0,32.9,1083.0,0.1193,UDP,1,1,1,0,0.0,3.3,0.5,night,1.68,0.0,0
0,2,0.0,0.0,37037.0,0.0,0.0,0.0,0.0001,OTHER,1,1,1,0,1.0,0.0,0.5,afternoon,3703.7,0.0,0
0,2,0.0,0.0,500000.0,9.0,0.0,0.0,0.0,TCP,1,1,1,1,0.0,0.3,0.0,night,50000.0,0.0,0
7192,24,0.08,88343.0,294.8,324.0,632.2,399656.7,0.0035,TCP,1,1,1,1,0.0,6.0,0.46,afternoon,29.48,0.0,0
0,2,0.0,0.0,2000000.0,9.0,0.0,0.0,0.0,OTHER,1,1,1,0,0.0,0.3,0.0,night,200000.0,0.0,0
6,2,0.0,6000.0,21978.0,9.0,0.0,0.0,0.0001,OTHER,1,1,1,0,1.0,0.3,0.5,morning,2197.8,0.0,0
56,15,80.19,0.7,0.2,960.9,2525.2,6376556.8,5.7279,OTHER,1,1,1,0,0.5,6.0,0.6,evening,0.02,0.0,0
0,2,0.0,0.0,37037.0,0.0,0.0,0.0,0.0001,OTHER,1,1,1,0,1.0,0.0,0.5,evening,3703.7,0.0,0
172,4,0.0,172000.0,26845.6,71.5,26.3,691.2,0.0,UDP,1,1,1,0,0.0,2.4,0.5,afternoon,2684.56,0.0,0
120,4,0.0,120000.0,28169.0,63.0,8.8,76.8,0.0,UDP,1,1,1,0,0.0,2.1,0.5,morning,2816.9,0.0,0
102,4,0.02,4284.8,168.0,51.8,8.8,76.8,0.0079,UDP,1,1,1,0,0.0,1.7,0.5,evening,16.8,0.0,0
108,2,0.03,3542.3,65.6,101.0,35.2,1240.3,0.0305,UDP,1,1,1,0,0.0,3.4,0.5,afternoon,6.56,0.0,0
22279,39,19.05,1169.6,2.0,590.1,683.5,467175.2,0.5013,TCP,1,1,1,1,0.0,6.0,0.54,afternoon,0.2,0.0,0
157,11,5.05,31.1,2.2,72.0,150.2,22563.3,0.5046,TCP,1,1,1,1,0.0,2.4,0.36,night,0.22,0.0,0
0,2,0.0,0.0,30303.0,0.0,0.0,0.0,0.0001,OTHER,1,1,1,0,1.0,0.0,0.5,afternoon,3030.3,0.0,0
70,2,0.04,1893.9,54.1,89.0,9.2,85.3,0.037,UDP,1,1,1,0,0.0,3.0,0.5,afternoon,5.41,0.0,0
0,2,0.0,0.0,39215.7,0.0,0.0,0.0,0.0001,OTHER,1,1,1,0,1.0,0.0,0.5,morning,3921.57,0.0,0
0,2,0.0,0.0,21978.0,0.0,0.0,0.0,0.0001,OTHER,1,1,1,0,1.0,0.0,0.5,afternoon,2197.8,0.0,0
0,2,0.0,0.0,1000000.0,9.0,0.0,0.0,0.0,OTHER,1,1,1,0,1.0,0.3,0.0,night,100000.0,0.0,0
2820,4,0.0,2820000.0,5121.6,891.0,636.5,405073.2,0.0003,OTHER,1,1,1,0,0.0,6.0,0.5,morning,512.16,0.0,0
188,4,0.07,2571.6,54.7,74.8,31.2,974.7,0.0244,UDP,1,1,1,0,0.0,2.5,0.5,morning,5.47,0.0,0
250,4,0.03,7851.5,125.6,95.5,44.4,1968.3,0.0106,UDP,1,1,1,0,0.0,3.2,0.5,afternoon,12.56,0.0,0
122,2,0.08,1582.0,25.9,122.0,35.2,1240.3,0.0771,UDP,1,1,1,0,0.0,4.1,0.5,morning,2.59,0.0,0
21886,58,115.49,189.5,0.5,413.3,664.1,441054.9,2.0262,TCP,1,1,1,1,0.0,6.0,0.5,evening,0.05,0.0,0
6,3,0.0,6000.0,66666.7,22.7,16.4,267.3,0.0,OTHER,1,1,1,0,0.5,0.8,0.33,evening,6666.67,0.0,0
131,2,0.05,2735.4,41.8,112.5,48.5,2352.0,0.0479,UDP,1,1,1,0,0.0,3.8,0.5,afternoon,4.18,0.0,0
188,4,0.0,188000.0,18181.8,80.0,27.4,750.0,0.0001,UDP,1,1,1,0,0.0,2.7,0.5,morning,1818.18,0.0,0
1818,22,77.11,23.6,0.3,104.4,382.1,146027.6,3.6721,TCP,1,1,1,0,0.0,3.5,0.5,night,0.03,0.0,0
0,3,0.0,0.0,61224.5,8.0,0.0,0.0,0.0,OTHER,1,1,1,0,1.0,0.3,0.0,morning,6122.45,0.0,0
228,4,0.0,228000.0,17467.2,88.5,39.4,1555.2,0.0001,UDP,1,1,1,0,0.0,3.0,0.5,night,1746.72,0.0,0
126,4,0.0,126000.0,22727.3,54.8,17.5,307.2,0.0001,UDP,1,1,1,0,0.0,1.8,0.5,afternoon,2272.73,0.0,0
0,2,0.0,0.0,43478.3,0.0,0.0,0.0,0.0,OTHER,1,1,1,0,1.0,0.0,0.5,night,4347.83,0.0,0
116,4,0.0,116000.0,28571.4,60.5,8.8,76.8,0.0,UDP,1,1,1,0,0.0,2.0,0.5,evening,2857.14,0.0,0
450,4,0.26,1723.8,15.3,135.0,106.8,11407.5,0.087,UDP,1,1,1,0,0.0,4.5,0.5,evening,1.53,0.0,0
102,2,0.02,4242.4,83.2,96.0,32.9,1083.0,0.024,UDP,1,1,1,0,0.0,3.2,0.5,afternoon,8.32,0.0,0
0,3,5.85,0.0,0.5,8.0,0.0,0.0,2.925,TCP,1,1,1,0,1.0,0.3,0.0,afternoon,0.05,0.0,0
12,4,0.0,12000.0,78431.4,4.5,2.2,4.8,0.0,OTHER,1,1,1,0,0.0,0.1,0.5,afternoon,7843.14,0.0,0
8401,36,80.92,103.8,0.4,295.3,686.3,471035.9,2.312,TCP,1,1,1,1,0.0,6.0,0.5,evening,0.04,0.0,0
0,2,0.02,0.0,89.3,0.0,0.0,0.0,0.0224,TCP,1,1,1,0,1.0,0.0,0.0,night,8.93,0.0,0
2048,30,115.85,17.7,0.3,79.6,370.9,137549.3,3.9949,TCP,1,1,1,0,0.0,2.7,0.47,evening,0.03,0.0,0
0,2,0.0,0.0,41666.7,3.0,0.0,0.0,0.0,OTHER,1,1,1,0,0.0,0.1,0.0,afternoon,4166.67,0.0,0
12,4,0.0,12000.0,80000.0,4.5,2.2,4.8,0.0,OTHER,1,1,1,0,0.0,0.1,0.5,night,8000.0,0.0,0
1440,21,30.36,47.4,0.7,235.2,657.0,431652.4,1.5178,TCP,1,1,1,1,0.0,6.0,0.52,evening,0.07,0.0,0
262,4,0.03,8428.2,128.7,93.2,51.5,2650.8,0.0104,UDP,1,1,1,0,0.0,3.1,0.5,morning,12.87,0.0,0
112,4,0.0,112000.0,29850.7,58.0,8.8,76.8,0.0,UDP,1,1,1,0,0.0,1.9,0.5,morning,2985.07,0.0,0
0,2,0.0,0.0,32786.9,0.0,0.0,0.0,0.0001,OTHER,1,1,1,0,1.0,0.0,0.5,morning,3278.69,0.0,0
134281,115,1.04,129530.3,110.9,1173.2,1248.1,1557634.9,0.0091,TCP,1,1,1,1,0.0,6.0,0.57,night,11.09,0.0,0
31,5,0.04,836.6,134.9,9.8,11.6,133.8,0.0093,TCP,1,1,1,1,0.0,0.3,0.6,night,13.49,0.0,0
158,4,0.0,158000.0,20512.8,63.5,25.7,662.7,0.0001,UDP,1,1,1,0,0.0,2.1,0.5,afternoon,2051.28,0.0,0
0,2,0.09,0.0,21.1,0.0,0.0,0.0,0.0949,TCP,1,1,1,1,1.0,0.0,0.5,night,2.11,0.0,0
158,4,0.03,5139.9,130.1,65.0,24.6,607.5,0.0102,UDP,1,1,1,0,0.0,2.2,0.5,afternoon,13.01,0.0,0
580,8,0.09,6295.4,86.8,97.5,55.3,3062.5,0.0132,UDP,1,1,1,0,0.0,3.2,0.5,night,8.68,0.0,0
146,4,0.03,4756.9,130.3,67.2,17.5,307.2,0.0102,UDP,1,1,1,0,0.0,2.2,0.5,afternoon,13.03,0.0,0
7682,18,10.35,742.1,1.7,479.4,649.2,421519.7,0.6089,TCP,1,1,1,1,0.0,6.0,0.61,afternoon,0.17,0.0,0
172,4,0.0,172000.0,19138.8,76.8,22.5,504.3,0.0001,UDP,1,1,1,0,0.0,2.6,0.5,evening,1913.88,0.0,0
284,4,0.08,3595.1,50.6,96.5,59.2,3499.2,0.0263,UDP,1,1,1,0,0.0,3.2,0.5,night,5.06,0.0,0
871,7,0.17,4983.2,40.0,187.4,318.9,101720.9,0.0291,TCP,1,1,1,0,0.0,6.0,0.57,evening,4.0,0.0,0
252,4,0.04,7172.3,113.8,84.0,53.7,2881.2,0.0117,UDP,1,1,1,0,0.0,2.8,0.5,afternoon,11.38,0.0,0
172,4,0.0,172000.0,19704.4,76.8,22.5,504.3,0.0001,UDP,1,1,1,0,0.0,2.6,0.5,night,1970.44,0.0,0
158,4,0.0,158000.0,22471.9,63.5,25.7,662.7,0.0001,UDP,1,1,1,0,0.0,2.1,0.5,night,2247.19,0.0,0
213,4,21.57,9.9,0.2,92.0,30.4,924.8,7.1912,UDP,1,1,1,0,0.0,3.1,0.5,afternoon,0.02,0.0,0
18,4,0.0,18000.0,63492.1,7.5,0.0,0.0,0.0,OTHER,1,1,1,0,1.0,0.2,0.75,evening,6349.21,0.0,0
3108,15,0.0,2651877.1,12798.6,414.5,695.2,483294.1,0.0001,OTHER,1,1,1,0,0.0,6.0,0.4,afternoon,1279.86,0.0,0
108,2,0.06,1807.6,33.5,98.0,37.0,1365.3,0.0597,UDP,1,1,1,0,0.0,3.3,0.5,evening,3.35,0.0,0
6,2,0.0,6000.0,90909.1,9.0,0.0,0.0,0.0,OTHER,1,1,1,0,1.0,0.3,0.5,night,9090.91,0.0,0
3129,14,5.34,585.9,2.6,249.7,534.7,285881.5,0.4108,TCP,1,1,1,1,0.0,6.0,0.36,night,0.26,0.0,0
98,4,0.0,98000.0,27210.9,49.2,8.8,76.8,0.0,UDP,1,1,1,0,0.0,1.6,0.5,afternoon,2721.09,0.0,0
872,7,0.07,11897.1,95.5,187.7,319.4,101997.1,0.0122,TCP,1,1,1,0,0.0,6.0,0.57,afternoon,9.55,0.0,0
264,4,0.06,4270.6,64.7,93.0,52.6,2764.8,0.0206,UDP,1,1,1,0,0.0,3.1,0.5,evening,6.47,0.0,0
200,4,0.0,200000.0,20202.0,83.0,30.7,940.8,0.0001,UDP,1,1,1,0,0.0,2.8,0.5,morning,2020.2,0.0,0
6,2,0.0,6000.0,100000.0,9.0,0.0,0.0,0.0,OTHER,1,1,1,0,1.0,0.3,0.5,night,10000.0,0.0,0
0,2,0.0,0.0,500000.0,31.0,17.9,320.3,0.0,TCP,1,1,1,1,0.5,1.0,0.0,evening,50000.0,0.0,0
0,2,0.0,0.0,2656.0,0.0,0.0,0.0,0.0008,OTHER,1,1,1,0,1.0,0.0,0.5,night,265.6,0.0,0
0,2,0.0,0.0,1304.6,9.0,0.0,0.0,0.0015,TCP,1,1,1,0,1.0,0.3,0.0,evening,130.46,0.0,0
0,4,5.82,0.0,0.7,3.0,3.3,10.8,1.9392,TCP,1,1,1,0,0.0,0.1,0.25,night,0.07,0.0,0
0,2,0.0,0.0,32786.9,0.0,0.0,0.0,0.0001,OTHER,1,1,1,0,1.0,0.0,0.5,night,3278.69,0.0,0
0,2,0.0,0.0,31746.0,0.0,0.0,0.0,0.0001,TCP,1,1,1,1,0.0,0.0,0.0,evening,3174.6,0.0,0
4619,29,119.88,38.5,0.2,192.9,381.8,145778.9,4.2814,TCP,1,1,1,1,0.0,6.0,0.45,morning,0.02,0.0,0
0,2,0.0,0.0,133333.3,0.0,0.0,0.0,0.0,OTHER,1,1,1,0,1.0,0.0,0.5,afternoon,13333.33,0.0,0
196,4,0.0,196000.0,13289.0,73.0,36.1,1306.8,0.0001,UDP,1,1,1,0,0.0,2.4,0.5,morning,1328.9,0.0,0
6,4,0.0,6000.0,4587.2,15.5,14.3,204.8,0.0003,OTHER,1,1,1,0,1.0,0.5,0.25,afternoon,458.72,0.0,0
180,4,0.0,180000.0,20833.3,69.8,31.2,974.7,0.0001,UDP,1,1,1,0,0.0,2.3,0.5,afternoon,2083.33,0.0,0
48,2,0.11,436.7,18.2,72.0,0.0,0.0,0.1099,UDP,1,1,1,0,0.0,2.4,0.5,night,1.82,0.0,0
6,2,0.0,6000.0,32786.9,9.0,0.0,0.0,0.0001,OTHER,1,1,1,0,1.0,0.3,0.5,evening,3278.69,0.0,0
6,2,0.11,53.3,17.8,9.0,0.0,0.0,0.1126,TCP,1,1,1,1,1.0,0.3,0.5,evening,1.78,0.0,0
13306,64,118.22,112.5,0.5,279.4,462.9,214258.1,1.8766,TCP,1,1,1,1,0.0,6.0,0.47,evening,0.05,0.0,0
273198,259,20.88,13083.3,12.4,1069.7,1075.0,1155602.6,0.0809,TCP,1,1,1,1,0.0,6.0,0.59,evening,1.24,0.0,0
88,4,0.0,88000.0,25806.5,43.0,8.8,76.8,0.0001,UDP,1,1,1,0,0.0,1.4,0.5,night,2580.65,0.0,0
184,4,0.05,3573.2,77.7,70.8,32.3,1044.3,0.0172,UDP,1,1,1,0,0.0,2.4,0.5,morning,7.77,0.0,0
204,4,0.0,204000.0,18957.3,82.5,32.9,1080.0,0.0001,UDP,1,1,1,0,0.0,2.8,0.5,afternoon,1895.73,0.0,0
126049,152,100.32,1256.5,1.5,856.4,1086.4,1180157.0,0.6644,TCP,1,1,1,1,0.0,6.0,0.55,night,0.15,0.0,0
122,4,0.0,122000.0,21052.6,64.2,8.8,76.8,0.0001,UDP,1,1,1,0,0.0,2.1,0.5,evening,2105.26,0.0,0
0,2,0.0,0.0,666666.7,93.0,0.0,0.0,0.0,OTHER,1,1,1,0,0.0,3.1,0.0,night,66666.67,0.0,0
6,2,0.0,6000.0,22222.2,9.0,0.0,0.0,0.0001,OTHER,1,1,1,0,1.0,0.3,0.5,afternoon,2222.22,0.0,0
0,2,0.0,0.0,58823.5,0.0,0.0,0.0,0.0,OTHER,1,1,1,0,1.0,0.0,0.5,evening,5882.35,0.0,0
124,2,0.02,5192.4,83.7,121.0,37.5,1408.3,0.0239,UDP,1,1,1,0,0.0,4.0,0.5,morning,8.37,0.0,0
71,2,0.05,1306.0,36.8,78.5,16.2,261.3,0.0544,UDP,1,1,1,0,0.0,2.6,0.5,afternoon,3.68,0.0,0
1020,18,60.74,16.8,0.3,168.8,506.1,256140.1,3.5729,TCP,1,1,1,0,0.0,5.6,0.5,evening,0.03,0.0,0
196,4,0.03,6087.7,124.2,77.5,32.9,1080.0,0.0107,UDP,1,1,1,0,0.0,2.6,0.5,afternoon,12.42,0.0,0
0,2,0.0,0.0,13422.8,9.0,0.0,0.0,0.0001,TCP,1,1,1,1,1.0,0.3,0.0,night,1342.28,0.0,0
0,2,0.0,0.0,500000.0,34.0,14.4,208.3,0.0,OTHER,1,1,1,0,0.5,1.1,0.0,afternoon,50000.0,0.0,0
0,13,0.0,0.0,590909.1,53.8,0.0,0.0,0.0,OTHER,1,1,1,0,0.0,1.8,0.0,night,59090.91,0.0,0
308,4,1.21,253.7,3.3,98.8,68.5,4687.5,0.4047,UDP,1,1,1,0,0.0,3.3,0.5,night,0.33,0.0,0
3782,12,0.26,14416.9,45.7,344.5,534.0,285139.3,0.0238,TCP,1,1,1,1,0.0,6.0,0.5,morning,4.57,0.0,0
0,2,0.03,0.0,63.7,9.0,0.0,0.0,0.0314,OTHER,1,1,1,0,1.0,0.3,0.0,morning,6.37,0.0,0
165,2,0.12,1360.7,16.5,119.5,73.9,5461.3,0.1213,UDP,1,1,1,0,0.0,4.0,0.5,afternoon,1.65,0.0,0
102,4,0.02,4188.1,164.2,51.8,8.8,76.8,0.0081,UDP,1,1,1,0,0.0,1.7,0.5,morning,16.42,0.0,0
30,6,5.28,5.7,1.1,7.0,0.0,0.0,1.0567,OTHER,1,1,1,0,1.0,0.2,0.83,night,0.11,0.0,0
4524,32,118.0,38.3,0.3,171.6,354.6,125769.3,3.8063,TCP,1,1,1,1,0.0,5.7,0.53,morning,0.03,0.0,0
149,4,1.87,79.8,2.1,71.8,18.3,336.3,0.6224,UDP,1,1,1,0,0.0,2.4,0.5,night,0.21,0.0,0
0,2,0.0,0.0,666666.7,31.0,17.9,320.3,0.0,OTHER,1,1,1,0,0.5,1.0,0.0,night,66666.67,0.0,0
0,2,0.0,0.0,40816.3,0.0,0.0,0.0,0.0,OTHER,1,1,1,0,1.0,0.0,0.5,afternoon,4081.63,0.0,0
0,2,0.0,0.0,2000000.0,605.0,349.3,122008.3,0.0,OTHER,1,1,1,0,0.5,6.0,0.0,night,200000.0,0.0,0
26,9,1.28,20.4,7.1,1292.6,2733.1,7469740.5,0.1595,OTHER,1,1,1,0,0.0,6.0,0.22,morning,0.71,0.0,0
6954,83,1.36,5116.1,61.1,115.9,243.3,59217.2,0.0166,TCP,1,1,1,0,0.0,3.9,0.51,night,6.11,0.0,0
93,2,0.03,2982.7,64.1,95.5,25.4,645.3,0.0312,UDP,1,1,1,0,0.0,3.2,0.5,night,6.41,0.0,0
156,4,14.73,10.6,0.3,81.5,13.4,179.2,4.9099,UDP,1,1,1,0,0.0,2.7,0.5,morning,0.03,0.0,0
350,4,0.0,350000.0,21276.6,122.8,70.1,4915.2,0.0001,UDP,1,1,1,0,0.0,4.1,0.5,evening,2127.66,0.0,0
140,4,0.06,2296.6,65.6,59.8,20.3,410.7,0.0203,UDP,1,1,1,0,0.0,2.0,0.5,night,6.56,0.0,0
96,2,0.0,96000.0,2355.7,94.0,28.9,833.3,0.0008,UDP,1,1,1,0,0.0,3.1,0.5,night,235.57,0.0,0
1506,27,60.73,24.8,0.4,94.1,188.8,35630.1,2.3358,TCP,1,1,1,1,0.0,3.1,0.48,morning,0.04,0.0,0
79,2,0.03,2580.4,65.3,86.5,18.5,341.3,0.0306,UDP,1,1,1,0,0.0,2.9,0.5,morning,6.53,0.0,0
242,4,0.0,242000.0,11976.0,84.5,48.7,2376.3,0.0001,UDP,1,1,1,0,0.0,2.8,0.5,afternoon,1197.6,0.0,0
3168,19,48.51,65.3,0.4,430.9,656.7,431236.6,2.6948,TCP,1,1,1,1,1.0,6.0,0.47,afternoon,0.04,0.0,0
31,2,0.96,32.3,2.1,21.5,14.4,208.3,0.9599,TCP,1,1,1,1,0.0,0.7,0.5,evening,0.21,0.0,0
116,4,0.0,116000.0,19607.8,60.5,8.8,76.8,0.0001,UDP,1,1,1,0,0.0,2.0,0.5,morning,1960.78,0.0,0
210,2,0.06,3449.9,32.9,149.0,95.8,9185.3,0.0609,UDP,1,1,1,0,0.0,5.0,0.5,evening,3.29,0.0,0
5431,17,1.04,5244.6,16.4,350.9,534.4,285543.3,0.0647,TCP,1,1,1,1,0.0,6.0,0.47,evening,1.64,0.0,0
0,2,0.0,0.0,26315.8,0.0,0.0,0.0,0.0001,OTHER,1,1,1,0,1.0,0.0,0.5,afternoon,2631.58,0.0,0
0,2,0.0,0.0,13698.6,0.0,0.0,0.0,0.0001,TCP,1,1,1,1,1.0,0.0,0.0,afternoon,1369.86,0.0,0
48,2,0.03,1597.8,66.6,72.0,0.0,0.0,0.03,UDP,1,1,1,0,0.0,2.4,0.5,night,6.66,0.0,0
68,2,0.02,2848.3,83.8,86.0,9.2,85.3,0.0239,UDP,1,1,1,0,0.0,2.9,0.5,afternoon,8.38,0.0,0
204,4,0.06,3264.3,64.0,78.0,36.1,1306.8,0.0208,UDP,1,1,1,0,0.0,2.6,0.5,afternoon,6.4,0.0,0
0,2,0.0,0.0,41666.7,3.0,0.0,0.0,0.0,OTHER,1,1,1,0,0.0,0.1,0.0,evening,4166.67,0.0,0
12,4,0.0,12000.0,60606.1,4.5,2.2,4.8,0.0,OTHER,1,1,1,0,0.0,0.1,0.5,afternoon,6060.61,0.0,0
517,7,0.23,2218.9,30.0,154.6,250.8,62881.9,0.0388,TCP,1,1,1,0,0.0,5.2,0.57,morning,3.0,0.0,0
6,2,0.0,6000.0,16949.2,9.0,0.0,0.0,0.0001,OTHER,1,1,1,0,1.0,0.3,0.5,night,1694.92,0.0,0
152,11,5.01,30.3,2.2,166.5,327.7,107361.4,0.5014,TCP,1,1,1,1,0.0,5.5,0.36,night,0.22,0.0,0
12,5,0.0,12000.0,20491.8,27.0,21.1,445.5,0.0001,OTHER,1,1,1,0,0.5,0.9,0.4,morning,2049.18,0.0,0
112,2,0.0,112000.0,4739.3,118.0,28.9,833.3,0.0004,UDP,1,1,1,0,0.0,3.9,0.5,afternoon,473.93,0.0,0
3788,14,0.49,7799.3,28.8,297.4,505.6,255606.5,0.0374,TCP,1,1,1,1,0.0,6.0,0.5,evening,2.88,0.0,0
0,2,0.0,0.0,666666.7,9.0,0.0,0.0,0.0,OTHER,1,1,1,0,1.0,0.3,0.0,night,66666.67,0.0,0
348,4,0.0,348000.0,20100.5,121.5,70.1,4915.2,0.0001,UDP,1,1,1,0,0.0,4.0,0.5,afternoon,2010.05,0.0,0
98,2,0.03,3725.4,76.0,101.0,26.6,705.3,0.0263,UDP,1,1,1,0,0.0,3.4,0.5,afternoon,7.6,0.0,0
0,2,0.0,0.0,22727.3,0.0,0.0,0.0,0.0001,OTHER,1,1,1,0,1.0,0.0,0.5,night,2272.73,0.0,0
0,2,0.0,0.0,666666.7,9.0,0.0,0.0,0.0,OTHER,1,1,1,0,0.0,0.3,0.0,morning,66666.67,0.0,0
70,2,0.03,2282.7,65.2,89.0,9.2,85.3,0.0307,UDP,1,1,1,0,0.0,3.0,0.5,evening,6.52,0.0,0
376,13,99.15,3.8,0.1,920.8,1459.6,2130516.7,8.2621,OTHER,1,1,1,0,1.0,6.0,0.46,night,0.01,0.0,0
112,4,0.0,112000.0,25974.0,58.0,8.8,76.8,0.0001,UDP,1,1,1,0,0.0,1.9,0.5,night,2597.4,0.0,0
3533,23,67.18,52.6,0.3,190.2,502.1,252087.0,3.0535,TCP,1,1,1,0,0.0,6.0,0.48,night,0.03,0.0,0
182,4,0.02,7679.6,168.8,71.0,31.2,974.7,0.0079,UDP,1,1,1,0,0.0,2.4,0.5,morning,16.88,0.0,0
0,3,0.01,0.0,455.1,16.3,12.5,156.2,0.0033,OTHER,1,1,1,0,1.0,0.5,0.0,morning,45.51,0.0,0
129,2,0.03,3934.4,61.0,109.5,48.5,2352.0,0.0328,UDP,1,1,1,0,0.0,3.6,0.5,morning,6.1,0.0,0
0,2,0.0,0.0,20000.0,9.0,0.0,0.0,0.0001,TCP,1,1,1,1,1.0,0.3,0.0,afternoon,2000.0,0.0,0
222,4,0.0,222000.0,19138.8,89.2,36.1,1306.8,0.0001,UDP,1,1,1,0,0.0,3.0,0.5,evening,1913.88,0.0,0
7703,22,11.58,665.1,1.9,408.5,948.3,899344.9,0.5515,TCP,1,1,1,1,0.0,6.0,0.55,evening,0.19,0.0,0
0,2,0.0,0.0,500000.0,34.0,14.4,208.3,0.0,OTHER,1,1,1,0,0.5,1.1,0.0,evening,50000.0,0.0,0
4949,44,117.24,42.2,0.4,246.5,570.1,324960.1,2.7265,TCP,1,1,1,1,0.0,6.0,0.45,afternoon,0.04,0.0,0
0,4,6.14,0.0,0.7,0.0,0.0,0.0,2.0468,TCP,1,1,1,0,0.0,0.0,0.25,evening,0.07,0.0,0
3026,19,0.87,3486.4,21.9,208.7,401.5,161179.5,0.0482,TCP,1,1,1,1,0.0,6.0,0.37,evening,2.19,0.0,0
6,2,0.0,6000.0,86956.5,9.0,0.0,0.0,0.0,OTHER,1,1,1,0,1.0,0.3,0.5,afternoon,8695.65,0.0,0
6,2,0.0,6000.0,20202.0,9.0,0.0,0.0,0.0001,OTHER,1,1,1,0,1.0,0.3,0.5,morning,2020.2,0.0,0
12,4,0.0,12000.0,54054.1,4.5,2.2,4.8,0.0,OTHER,1,1,1,0,0.0,0.1,0.5,afternoon,5405.41,0.0,0
0,2,0.0,0.0,41666.7,0.0,0.0,0.0,0.0,OTHER,1,1,1,0,1.0,0.0,0.5,evening,4166.67,0.0,0
109,2,0.02,4646.8,85.3,99.5,37.0,1365.3,0.0235,UDP,1,1,1,0,0.0,3.3,0.5,evening,8.53,0.0,0
90,2,0.05,1780.8,39.6,101.0,19.6,385.3,0.0505,UDP,1,1,1,0,0.0,3.4,0.5,evening,3.96,0.0,0
0,21,0.02,0.0,1066.4,947.5,1123.0,1261084.1,0.001,OTHER,1,1,1,0,0.0,6.0,0.29,afternoon,106.64,0.0,0
6296,19,0.16,39169.8,118.2,358.9,590.8,349056.0,0.0089,TCP,1,1,1,1,0.0,6.0,0.47,night,11.82,0.0,0
122,4,0.0,122000.0,20000.0,52.2,17.5,307.2,0.0001,UDP,1,1,1,0,0.0,1.7,0.5,morning,2000.0,0.0,0
112,4,0.0,112000.0,24390.2,58.0,8.8,76.8,0.0001,UDP,1,1,1,0,0.0,1.9,0.5,night,2439.02,0.0,0
6,3,0.0,6000.0,600000.0,8.0,0.0,0.0,0.0,OTHER,1,1,1,0,1.0,0.3,0.33,evening,60000.0,0.0,0
760,8,0.13,5705.8,60.1,116.2,82.2,6760.0,0.019,UDP,1,1,1,0,0.0,3.9,0.5,night,6.01,0.0,0
276,4,0.0,276000.0,20000.0,100.5,52.6,2764.8,0.0001,UDP,1,1,1,0,0.0,3.4,0.5,evening,2000.0,0.0,0
264,4,0.03,8442.9,127.9,88.5,55.9,3121.2,0.0104,UDP,1,1,1,0,0.0,3.0,0.5,evening,12.79,0.0,0
134,2,0.18,729.2,10.9,111.0,52.0,2700.0,0.1838,UDP,1,1,1,0,0.0,3.7,0.5,afternoon,1.09,0.0,0
0,2,0.0,0.0,46511.6,0.0,0.0,0.0,0.0,TCP,1,1,1,1,1.0,0.0,0.0,afternoon,4651.16,0.0,0
181,2,0.06,2955.6,32.7,147.5,71.6,5125.3,0.0612,UDP,1,1,1,0,0.0,4.9,0.5,afternoon,3.27,0.0,0
6206,27,0.98,6343.9,27.6,271.0,512.2,262361.0,0.0376,TCP,1,1,1,1,0.0,6.0,0.37,night,2.76,0.0,0
0,2,0.0,0.0,13605.4,9.0,0.0,0.0,0.0001,TCP,1,1,1,1,1.0,0.3,0.0,morning,1360.54,0.0,0
102,4,0.02,4285.9,168.1,51.8,8.8,76.8,0.0079,UDP,1,1,1,0,0.0,1.7,0.5,evening,16.81,0.0,0
0,2,0.0,0.0,1000000.0,34.0,14.4,208.3,0.0,OTHER,1,1,1,0,0.5,1.1,0.0,evening,100000.0,0.0,0
48970,91,116.26,421.2,0.8,548.4,760.2,577973.5,1.2918,TCP,1,1,1,1,0.0,6.0,0.49,night,0.08,0.0,0
0,2,0.0,0.0,38461.5,0.0,0.0,0.0,0.0001,OTHER,1,1,1,0,1.0,0.0,0.5,night,3846.15,0.0,0
46,6,4.21,10.9,1.4,37.8,18.9,356.0,0.8416,TCP,1,1,1,1,0.5,1.3,0.17,afternoon,0.14,0.0,0
1131,10,11.04,102.4,0.9,228.7,455.2,207189.7,1.2271,TCP,1,1,1,0,0.0,6.0,0.5,afternoon,0.09,0.0,0
114,2,0.02,4825.0,84.6,109.0,35.8,1281.3,0.0236,UDP,1,1,1,0,0.0,3.6,0.5,morning,8.46,0.0,0
0,2,0.0,0.0,500000.0,31.0,17.9,320.3,0.0,OTHER,1,1,1,0,0.5,1.0,0.0,evening,50000.0,0.0,0
6,4,0.0,1855.9,1237.2,36.2,22.5,507.5,0.0011,OTHER,1,1,1,0,0.5,1.2,0.25,morning,123.72,0.0,0
0,2,0.0,0.0,95238.1,0.0,0.0,0.0,0.0,OTHER,1,1,1,0,1.0,0.0,0.5,evening,9523.81,0.0,0
210,4,0.0,210000.0,23121.4,83.2,35.1,1228.8,0.0001,UDP,1,1,1,0,0.0,2.8,0.5,morning,2312.14,0.0,0
0,4,45.11,0.0,0.1,15.2,13.9,192.2,15.0356,TCP,1,1,1,1,1.0,0.5,0.0,morning,0.01,0.0,0
182,4,0.06,2946.7,64.8,71.0,31.2,974.7,0.0206,UDP,1,1,1,0,0.0,2.4,0.5,evening,6.48,0.0,0
9810,45,114.69,85.5,0.4,266.0,530.4,281308.6,2.6065,TCP,1,1,1,0,0.0,6.0,0.49,afternoon,0.04,0.0,0
0,4,5.21,0.0,0.8,3.0,3.3,10.8,1.7354,TCP,1,1,1,0,0.0,0.1,0.25,morning,0.08,0.0,0
112,2,0.05,2352.9,42.0,108.0,34.6,1200.0,0.0476,UDP,1,1,1,0,0.0,3.6,0.5,night,4.2,0.0,0
68021,73,0.23,300301.5,322.3,943.9,834.1,695672.7,0.0031,TCP,1,1,1,1,0.0,6.0,0.67,afternoon,32.23,0.0,0
132,4,0.0,132000.0,24539.9,70.5,8.8,76.8,0.0001,UDP,1,1,1,0,0.0,2.4,0.5,night,2453.99,0.0,0
5367,16,0.2,26652.8,79.5,367.9,828.0,685562.8,0.0134,TCP,1,1,1,1,0.0,6.0,0.5,morning,7.95,0.0,0
0,11,0.02,0.0,545.1,69.1,117.9,13899.9,0.002,OTHER,1,1,1,0,0.5,2.3,0.45,morning,54.51,0.0,0
228,4,0.12,1934.1,33.9,91.5,37.2,1387.2,0.0393,UDP,1,1,1,0,0.0,3.0,0.5,evening,3.39,0.0,0
264,4,0.0,264000.0,21621.6,88.5,55.9,3121.2,0.0001,UDP,1,1,1,0,0.0,3.0,0.5,afternoon,2162.16,0.0,0
0,3,0.0,0.0,18404.9,0.0,0.0,0.0,0.0001,OTHER,1,1,1,0,1.0,0.0,0.67,afternoon,1840.49,0.0,0
0,2,0.03,0.0,74.2,9.0,0.0,0.0,0.027,TCP,1,1,1,1,1.0,0.3,0.0,afternoon,7.42,0.0,0
120,4,0.0,120000.0,24691.4,63.0,8.8,76.8,0.0001,UDP,1,1,1,0,0.0,2.1,0.5,night,2469.14,0.0,0
172,4,0.0,172000.0,19323.7,76.8,22.5,504.3,0.0001,UDP,1,1,1,0,0.0,2.6,0.5,morning,1932.37,0.0,0
249,4,44.19,5.6,0.1,94.5,58.2,3384.3,14.7,UDP,1,1,1,0,0.0,3.1,0.5,evening,0.01,0.0,0
320,4,0.06,5266.2,65.8,102.5,71.2,5070.0,0.0203,UDP,1,1,1,0,0.0,3.4,0.5,morning,6.58,0.0,0
484,4,0.0,484000.0,17241.4,146.5,113.9,12979.2,0.0001,UDP,1,1,1,0,0.0,4.9,0.5,night,1724.14,0.0,0
421,7,0.42,1003.7,16.7,154.0,257.4,66232.8,0.0699,TCP,1,1,1,0,0.0,5.1,0.57,night,1.67,0.0,0
130,4,0.0,130000.0,29629.6,69.2,8.8,76.8,0.0,UDP,1,1,1,0,0.0,2.3,0.5,afternoon,2962.96,0.0,0
46,4,0.0,46000.0,26315.8,28.8,0.0,0.0,0.0001,UDP,1,1,1,0,0.0,1.0,0.5,afternoon,2631.58,0.0,0
204,4,0.0,204000.0,16064.3,75.0,38.3,1470.0,0.0001,UDP,1,1,1,0,0.0,2.5,0.5,morning,1606.43,0.0,0
112,4,0.06,1784.9,63.7,58.0,8.8,76.8,0.0209,UDP,1,1,1,0,0.0,1.9,0.5,morning,6.37,0.0,0
0,2,0.0,0.0,666666.7,9.0,0.0,0.0,0.0,TCP,1,1,1,1,0.0,0.3,0.0,afternoon,66666.67,0.0,0
46,6,4.72,9.8,1.3,37.8,18.9,356.0,0.9433,TCP,1,1,1,1,0.5,1.3,0.17,morning,0.13,0.0,0
111,2,0.02,4680.6,84.3,105.5,35.2,1240.3,0.0237,UDP,1,1,1,0,0.0,3.5,0.5,evening,8.43,0.0,0
330,6,0.17,1938.8,35.3,85.8,62.5,3901.0,0.034,UDP,1,1,1,0,0.0,2.9,0.33,afternoon,3.53,0.0,0
3710,14,5.22,710.4,2.7,291.6,504.6,254634.9,0.4017,TCP,1,1,1,1,0.0,6.0,0.43,afternoon,0.27,0.0,0
110,4,0.0,110000.0,24539.9,56.8,8.8,76.8,0.0001,UDP,1,1,1,0,0.0,1.9,0.5,afternoon,2453.99,0.0,0
2815,15,6.13,459.2,2.4,210.6,457.2,208994.1,0.4378,TCP,1,1,1,1,0.0,6.0,0.4,night,0.24,0.0,0
90,2,0.05,1772.8,39.4,107.0,16.2,261.3,0.0508,UDP,1,1,1,0,0.0,3.6,0.5,evening,3.94,0.0,0
0,2,64.04,0.0,0.0,55.5,0.0,0.0,64.0447,TCP,1,1,1,1,0.5,1.9,0.0,evening,0.0,0.0,0
1151,16,0.39,2928.5,40.7,116.9,260.7,67968.3,0.0262,TCP,1,1,1,1,0.0,3.9,0.38,afternoon,4.07,0.0,0
6,8,0.04,169.4,225.9,102.4,98.1,9625.0,0.0051,OTHER,1,1,1,0,0.5,3.4,0.12,night,22.59,0.0,0
165,2,0.03,5295.8,64.2,119.5,73.9,5461.3,0.0312,UDP,1,1,1,0,0.0,4.0,0.5,night,6.42,0.0,0
6,4,0.0,6000.0,23255.8,13.8,11.2,125.0,0.0001,OTHER,1,1,1,0,1.0,0.5,0.25,afternoon,2325.58,0.0,0
116,2,0.0,116000.0,2207.5,114.0,34.6,1200.0,0.0009,UDP,1,1,1,0,0.0,3.8,0.5,afternoon,220.75,0.0,0
0,2,0.0,0.0,666666.7,0.0,0.0,0.0,0.0,TCP,1,1,1,1,0.0,0.0,0.0,afternoon,66666.67,0.0,0
0,2,0.0,0.0,500000.0,3.0,0.0,0.0,0.0,OTHER,1,1,1,0,0.0,0.1,0.0,evening,50000.0,0.0,0
102,4,0.02,4304.3,168.8,51.8,8.8,76.8,0.0079,UDP,1,1,1,0,0.0,1.7,0.5,afternoon,16.88,0.0,0
282,4,0.0,282000.0,19607.8,102.0,54.2,2940.3,0.0001,UDP,1,1,1,0,0.0,3.4,0.5,afternoon,1960.78,0.0,0
645,16,84.26,7.7,0.2,123.7,133.8,17896.6,5.6174,TCP,1,1,1,1,0.5,4.1,0.44,evening,0.02,0.0,0
6,2,0.15,39.0,13.0,9.0,0.0,0.0,0.1538,TCP,1,1,1,1,1.0,0.3,0.5,night,1.3,0.0,0
96,4,63.03,1.5,0.1,60.0,0.0,0.0,21.0091,UDP,1,1,1,0,0.0,2.0,0.5,afternoon,0.01,0.0,0
6954,85,1.31,5302.7,64.8,113.2,239.7,57449.8,0.0156,TCP,1,1,1,0,0.0,3.8,0.52,night,6.48,0.0,0
62723,59,0.73,86342.6,81.2,1073.3,1133.5,1284920.4,0.0125,TCP,1,1,1,1,0.0,6.0,0.63,afternoon,8.12,0.0,0
0,2,0.0,0.0,1196.2,9.0,0.0,0.0,0.0017,TCP,1,1,1,0,1.0,0.3,0.0,afternoon,119.62,0.0,0
65,2,0.09,705.3,21.7,81.5,9.2,85.3,0.0922,UDP,1,1,1,0,0.0,2.7,0.5,evening,2.17,0.0,0
5296,18,0.1,55592.9,188.9,323.6,515.7,265950.5,0.0056,TCP,1,1,1,1,0.0,6.0,0.44,afternoon,18.89,0.0,0
0,2,0.0,0.0,666666.7,3.0,0.0,0.0,0.0,OTHER,1,1,1,0,0.0,0.1,0.0,night,66666.67,0.0,0
0,3,0.0,0.0,3070.6,97.3,134.0,17956.0,0.0005,OTHER,1,1,1,0,1.0,3.2,0.0,evening,307.06,0.0,0
12,4,0.0,12000.0,66666.7,4.5,2.2,4.8,0.0,OTHER,1,1,1,0,0.0,0.1,0.5,evening,6666.67,0.0,0
0,2,0.0,0.0,2000000.0,9.0,0.0,0.0,0.0,TCP,1,1,1,1,0.0,0.3,0.0,afternoon,200000.0,0.0,0
196,4,0.0,196000.0,19512.2,79.0,31.8,1009.2,0.0001,UDP,1,1,1,0,0.0,2.6,0.5,morning,1951.22,0.0,0
188,6,0.03,6062.4,193.5,63.0,27.3,746.7,0.0062,UDP,1,1,1,0,0.0,2.1,0.33,afternoon,19.35,0.0,0
220,4,0.0,220000.0,17021.3,90.2,34.5,1190.7,0.0001,UDP,1,1,1,0,0.0,3.0,0.5,evening,1702.13,0.0,0
654,4,0.0,654000.0,12861.7,191.2,158.8,25230.0,0.0001,UDP,1,1,1,0,0.0,6.0,0.5,evening,1286.17,0.0,0
1327,15,0.28,4824.4,54.5,135.4,306.4,93893.5,0.0196,TCP,1,1,1,1,0.0,4.5,0.33,night,5.45,0.0,0
0,3,0.0,0.0,35714.3,0.0,0.0,0.0,0.0,OTHER,1,1,1,0,1.0,0.0,0.33,evening,3571.43,0.0,0
500,4,0.02,20314.5,162.5,149.8,118.9,14126.7,0.0082,UDP,1,1,1,0,0.0,5.0,0.5,afternoon,16.25,0.0,0
0,2,0.36,0.0,5.6,9.0,0.0,0.0,0.3563,OTHER,1,1,1,0,1.0,0.3,0.0,evening,0.56,0.0,0
200,4,0.0,200000.0,27397.3,83.0,30.7,940.8,0.0,UDP,1,1,1,0,0.0,2.8,0.5,evening,2739.73,0.0,0
60,2,0.06,999.8,33.3,74.0,9.2,85.3,0.06,UDP,1,1,1,0,0.0,2.5,0.5,afternoon,3.33,0.0,0
121,2,0.02,5147.8,85.1,117.5,37.0,1365.3,0.0235,UDP,1,1,1,0,0.0,3.9,0.5,night,8.51,0.0,0
0,2,0.0,0.0,500000.0,9.0,0.0,0.0,0.0,OTHER,1,1,1,0,1.0,0.3,0.0,afternoon,50000.0,0.0,0
188,4,0.0,188000.0,24242.4,80.0,27.4,750.0,0.0001,UDP,1,1,1,0,0.0,2.7,0.5,evening,2424.24,0.0,0
0,2,0.0,0.0,105263.2,9.0,0.0,0.0,0.0,TCP,1,1,1,0,1.0,0.3,0.0,evening,10526.32,0.0,0
98,4,0.0,98000.0,27397.3,49.2,8.8,76.8,0.0,UDP,1,1,1,0,0.0,1.6,0.5,afternoon,2739.73,0.0,0
167,2,0.05,3396.4,40.7,172.5,45.0,2028.0,0.0492,UDP,1,1,1,0,0.0,5.8,0.5,night,4.07,0.0,0
198,4,3.06,64.7,1.3,83.5,35.6,1264.2,1.0201,UDP,1,1,1,0,0.0,2.8,0.5,afternoon,0.13,0.0,0
7293,32,69.43,105.0,0.5,280.7,524.7,275352.0,2.2397,TCP,1,1,1,1,0.0,6.0,0.56,evening,0.05,0.0,0
242,4,0.0,242000.0,18867.9,113.8,27.4,750.0,0.0001,UDP,1,1,1,0,0.0,3.8,0.5,night,1886.79,0.0,0
0,3,0.0,0.0,21739.1,0.0,0.0,0.0,0.0001,OTHER,1,1,1,0,1.0,0.0,0.67,night,2173.91,0.0,0
176,2,0.02,7543.0,85.7,136.0,73.9,5461.3,0.0233,UDP,1,1,1,0,0.0,4.5,0.5,afternoon,8.57,0.0,0
176,4,0.06,3046.1,69.2,74.0,26.3,691.2,0.0193,UDP,1,1,1,0,0.0,2.5,0.5,night,6.92,0.0,0
0,2,0.0,0.0,41666.7,0.0,0.0,0.0,0.0,OTHER,1,1,1,0,1.0,0.0,0.5,afternoon,4166.67,0.0,0
697,36,115.23,6.0,0.3,55.1,158.4,25105.6,3.2923,TCP,1,1,1,1,0.0,1.8,0.44,evening,0.03,0.0,0
84,2,0.03,2770.1,66.0,98.0,16.2,261.3,0.0303,UDP,1,1,1,0,0.0,3.3,0.5,afternoon,6.6,0.0,0
0,2,0.0,0.0,6289.3,9.0,0.0,0.0,0.0003,OTHER,1,1,1,0,1.0,0.3,0.0,night,628.93,0.0,0
68,2,0.04,1703.4,50.1,86.0,9.2,85.3,0.0399,UDP,1,1,1,0,0.0,2.9,0.5,morning,5.01,0.0,0
290,4,0.29,988.0,13.6,101.8,58.1,3370.8,0.0978,UDP,1,1,1,0,0.0,3.4,0.5,afternoon,1.36,0.0,0
3766,13,6.0,627.7,2.2,318.5,632.3,399841.3,0.5,TCP,1,1,1,1,0.0,6.0,0.38,afternoon,0.22,0.0,0
0,2,0.0,0.0,22222.2,9.0,0.0,0.0,0.0001,TCP,1,1,1,1,1.0,0.3,0.0,night,2222.22,0.0,0
0,2,0.0,0.0,14598.5,0.0,0.0,0.0,0.0001,OTHER,1,1,1,0,1.0,0.0,0.5,morning,1459.85,0.0,0
116,4,0.0,116000.0,20202.0,60.5,8.8,76.8,0.0001,UDP,1,1,1,0,0.0,2.0,0.5,evening,2020.2,0.0,0
2725,14,5.74,474.8,2.4,239.4,457.1,208924.1,0.4415,TCP,1,1,1,1,0.0,6.0,0.36,afternoon,0.24,0.0,0
6,2,0.24,24.7,8.2,9.0,0.0,0.0,0.2428,TCP,1,1,1,0,1.0,0.3,0.5,afternoon,0.82,0.0,0
3540,27,80.39,44.0,0.3,163.1,430.9,185698.1,3.092,TCP,1,1,1,0,0.0,5.4,0.48,afternoon,0.03,0.0,0
0,2,0.0,0.0,95238.1,0.0,0.0,0.0,0.0,OTHER,1,1,1,0,1.0,0.0,0.5,morning,9523.81,0.0,0
110,2,0.0,110000.0,3484.3,113.0,30.0,901.3,0.0006,UDP,1,1,1,0,0.0,3.8,0.5,night,348.43,0.0,0
5940,21,3.4,1747.0,6.2,318.7,511.8,261889.8,0.17,TCP,1,1,1,1,0.0,6.0,0.43,afternoon,0.62,0.0,0
185,2,0.02,7807.2,84.4,149.5,73.9,5461.3,0.0237,UDP,1,1,1,0,0.0,5.0,0.5,afternoon,8.44,0.0,0
0,2,0.0,0.0,23255.8,0.0,0.0,0.0,0.0001,OTHER,1,1,1,0,1.0,0.0,0.5,night,2325.58,0.0,0
218,4,0.0,218000.0,17937.2,81.5,40.0,1598.7,0.0001,UDP,1,1,1,0,0.0,2.7,0.5,evening,1793.72,0.0,0
0,3,0.09,0.0,33.2,0.0,0.0,0.0,0.0452,TCP,1,1,1,1,1.0,0.0,0.0,evening,3.32,0.0,0
450,4,0.03,14495.1,128.8,135.0,106.8,11407.5,0.0103,UDP,1,1,1,0,0.0,4.5,0.5,afternoon,12.88,0.0,0
0,2,0.0,0.0,666666.7,31.0,17.9,320.3,0.0,OTHER,1,1,1,0,0.5,1.0,0.0,morning,66666.67,0.0,0
0,2,0.0,0.0,42553.2,3.0,0.0,0.0,0.0,OTHER,1,1,1,0,0.0,0.1,0.0,morning,4255.32,0.0,0
6,2,0.0,6000.0,23809.5,9.0,0.0,0.0,0.0001,OTHER,1,1,1,0,1.0,0.3,0.5,morning,2380.95,0.0,0
6,2,0.0,6000.0,42553.2,9.0,0.0,0.0,0.0,OTHER,1,1,1,0,1.0,0.3,0.5,evening,4255.32,0.0,0
3219,30,61.14,52.7,0.5,231.2,622.0,386865.8,2.1082,TCP,1,1,1,1,0.0,6.0,0.43,morning,0.05,0.0,0
0,3,0.15,0.0,20.6,0.0,0.0,0.0,0.0727,OTHER,1,1,1,0,1.0,0.0,0.33,evening,2.06,0.0,0
142,4,0.06,2304.4,64.9,64.8,17.5,307.2,0.0205,UDP,1,1,1,0,0.0,2.2,0.5,afternoon,6.49,0.0,0
6,2,0.0,6000.0,55555.6,9.0,0.0,0.0,0.0,OTHER,1,1,1,0,1.0,0.3,0.5,night,5555.56,0.0,0
18,4,0.0,18000.0,68965.5,7.5,0.0,0.0,0.0,OTHER,1,1,1,0,1.0,0.2,0.75,evening,6896.55,0.0,0
206,4,0.03,6734.2,130.8,80.0,35.6,1267.5,0.0102,UDP,1,1,1,0,0.0,2.7,0.5,morning,13.08,0.0,0
2238,33,110.6,20.2,0.3,107.4,237.9,56606.7,3.4561,TCP,1,1,1,0,0.0,3.6,0.45,night,0.03,0.0,0
82261,92,104.52,787.0,0.9,903.2,917.6,841964.3,1.1486,TCP,1,1,1,1,0.0,6.0,0.58,evening,0.09,0.0,0
20459,54,115.57,177.0,0.5,391.5,629.2,395910.5,2.1805,TCP,1,1,1,1,0.0,6.0,0.52,night,0.05,0.0,0
264,4,0.0,264000.0,17021.3,88.5,55.9,3121.2,0.0001,UDP,1,1,1,0,0.0,3.0,0.5,afternoon,1702.13,0.0,0
0,3,0.07,0.0,44.2,0.0,0.0,0.0,0.034,TCP,1,1,1,0,1.0,0.0,0.0,afternoon,4.42,0.0,0
170,4,0.0,170000.0,22222.2,69.5,26.8,720.3,0.0001,UDP,1,1,1,0,0.0,2.3,0.5,afternoon,2222.22,0.0,0
1196,7,0.47,2533.7,14.8,243.0,429.2,184184.3,0.0787,TCP,1,1,1,0,0.0,6.0,0.57,afternoon,1.48,0.0,0
336,4,0.0,336000.0,20100.5,114.0,70.1,4915.2,0.0001,UDP,1,1,1,0,0.0,3.8,0.5,evening,2010.05,0.0,0
93,2,0.05,1931.1,41.5,94.5,26.0,675.0,0.0482,UDP,1,1,1,0,0.0,3.1,0.5,morning,4.15,0.0,0
149,2,0.0,149000.0,3816.8,146.5,44.5,1976.3,0.0005,UDP,1,1,1,0,0.0,4.9,0.5,morning,381.68,0.0,0
6,3,0.0,6000.0,15306.1,22.7,16.4,267.3,0.0001,OTHER,1,1,1,0,0.5,0.8,0.33,afternoon,1530.61,0.0,0
208,4,0.03,6700.2,128.8,84.2,33.4,1116.3,0.0103,UDP,1,1,1,0,0.0,2.8,0.5,night,12.88,0.0,0
124,4,0.0,124000.0,25316.5,65.5,8.8,76.8,0.0001,UDP,1,1,1,0,0.0,2.2,0.5,afternoon,2531.65,0.0,0
85,2,0.06,1398.5,32.9,95.5,18.5,341.3,0.0608,UDP,1,1,1,0,0.0,3.2,0.5,night,3.29,0.0,0
6,2,0.0,6000.0,95238.1,9.0,0.0,0.0,0.0,OTHER,1,1,1,0,1.0,0.3,0.5,night,9523.81,0.0,0
0,2,1.0,0.0,2.0,0.0,0.0,0.0,0.9991,OTHER,1,1,1,0,1.0,0.0,0.0,morning,0.2,0.0,0
0,2,0.0,0.0,8032.1,0.0,0.0,0.0,0.0002,OTHER,1,1,1,0,1.0,0.0,0.0,evening,803.21,0.0,0
194,4,0.05,3994.2,82.4,83.8,27.4,750.0,0.0162,UDP,1,1,1,0,0.0,2.8,0.5,afternoon,8.24,0.0,0
0,3,0.0,0.0,13888.9,23.7,23.5,552.2,0.0001,TCP,1,1,1,1,1.0,0.8,0.0,afternoon,1388.89,0.0,0
0,2,0.0,0.0,18348.6,0.0,0.0,0.0,0.0001,OTHER,1,1,1,0,1.0,0.0,0.5,night,1834.86,0.0,0
186,6,0.05,3835.8,123.7,65.2,25.4,643.8,0.0097,UDP,1,1,1,0,0.0,2.2,0.33,afternoon,12.37,0.0,0
0,2,0.0,0.0,54054.1,0.0,0.0,0.0,0.0,OTHER,1,1,1,0,1.0,0.0,0.5,afternoon,5405.41,0.0,0
6,4,0.0,6000.0,250000.0,13.8,11.2,125.0,0.0,OTHER,1,1,1,0,1.0,0.5,0.25,afternoon,25000.0,0.0,0
260,8,6.22,41.8,1.3,185.8,399.8,159821.1,0.8891,TCP,1,1,1,0,0.0,6.0,0.38,morning,0.13,0.0,0
24037,51,67.57,355.7,0.8,530.6,757.4,573696.5,1.3514,TCP,1,1,1,1,0.0,6.0,0.51,night,0.08,0.0,0
336,4,0.06,5426.3,64.6,114.0,70.1,4915.2,0.0206,UDP,1,1,1,0,0.0,3.8,0.5,morning,6.46,0.0,0
43937,46,0.11,389332.9,407.6,1001.4,1140.1,1299858.0,0.0025,TCP,1,1,1,1,0.0,6.0,0.57,evening,40.76,0.0,0
24,7,0.0,24000.0,58823.5,6.9,0.0,0.0,0.0,OTHER,1,1,1,0,1.0,0.2,0.57,night,5882.35,0.0,0
104,4,0.0,104000.0,19900.5,53.0,8.8,76.8,0.0001,UDP,1,1,1,0,0.0,1.8,0.5,evening,1990.05,0.0,0
130,2,0.08,1626.3,25.0,129.0,38.1,1452.0,0.0799,UDP,1,1,1,0,0.0,4.3,0.5,morning,2.5,0.0,0
1963,30,115.65,17.0,0.3,79.8,358.5,128498.7,3.9879,TCP,1,1,1,0,0.0,2.7,0.47,evening,0.03,0.0,0
12293,165,98.05,125.4,1.7,1029.6,2174.5,4728267.6,0.5978,TCP,1,1,1,1,0.0,6.0,0.59,evening,0.17,0.0,0
204,4,0.0,204000.0,27586.2,82.5,32.9,1080.0,0.0,UDP,1,1,1,0,0.0,2.8,0.5,morning,2758.62,0.0,0
209,2,0.03,6895.4,66.0,185.5,73.9,5461.3,0.0303,UDP,1,1,1,0,0.0,6.0,0.5,morning,6.6,0.0,0
6344,35,106.85,59.4,0.3,266.6,627.6,393837.4,3.1426,OTHER,1,1,1,0,0.0,6.0,0.37,afternoon,0.03,0.0,0
124,4,0.0,124000.0,23121.4,65.5,8.8,76.8,0.0001,UDP,1,1,1,0,0.0,2.2,0.5,afternoon,2312.14,0.0,0
0,2,0.01,0.0,164.6,9.0,0.0,0.0,0.0121,TCP,1,1,1,0,1.0,0.3,0.0,evening,16.46,0.0,0
506,4,0.05,10805.0,85.4,161.8,112.8,12730.8,0.0156,UDP,1,1,1,0,0.0,5.4,0.5,morning,8.54,0.0,0
6126,17,5.66,1082.0,3.0,381.8,781.5,610693.0,0.3538,TCP,1,1,1,1,0.0,6.0,0.41,night,0.3,0.0,0
264,4,0.05,5448.4,82.6,90.0,54.8,3000.0,0.0162,UDP,1,1,1,0,0.0,3.0,0.5,morning,8.26,0.0,0
0,2,0.0,0.0,41666.7,0.0,0.0,0.0,0.0,OTHER,1,1,1,0,1.0,0.0,0.0,morning,4166.67,0.0,0
344,4,0.0,344000.0,20304.6,119.0,70.1,4915.2,0.0001,UDP,1,1,1,0,0.0,4.0,0.5,night,2030.46,0.0,0
328,4,0.02,13445.4,164.0,109.0,70.1,4915.2,0.0081,UDP,1,1,1,0,0.0,3.6,0.5,evening,16.4,0.0,0
0,2,0.0,0.0,500000.0,31.0,17.9,320.3,0.0,OTHER,1,1,1,0,0.5,1.0,0.0,night,50000.0,0.0,0
6,3,0.03,210.6,105.3,8.0,0.0,0.0,0.0142,TCP,1,1,1,1,1.0,0.3,0.33,afternoon,10.53,0.0,0
30,6,9.44,3.2,0.6,7.0,0.0,0.0,1.8885,OTHER,1,1,1,0,1.0,0.2,0.83,afternoon,0.06,0.0,0
0,2,0.0,0.0,9434.0,0.0,0.0,0.0,0.0002,OTHER,1,1,1,0,1.0,0.0,0.0,night,943.4,0.0,0
96,4,0.0,96000.0,22099.4,48.0,8.8,76.8,0.0001,UDP,1,1,1,0,0.0,1.6,0.5,morning,2209.94,0.0,0
0,3,0.12,0.0,25.6,0.0,0.0,0.0,0.0586,OTHER,1,1,1,0,1.0,0.0,0.33,evening,2.56,0.0,0
4022,28,61.0,65.9,0.5,189.7,416.0,173030.5,2.2592,TCP,1,1,1,1,0.0,6.0,0.5,evening,0.05,0.0,0
0,2,0.0,0.0,666666.7,9.0,0.0,0.0,0.0,OTHER,1,1,1,0,1.0,0.3,0.0,afternoon,66666.67,0.0,0
3508,12,0.18,19457.1,66.6,323.7,540.0,291573.9,0.0164,TCP,1,1,1,1,0.0,6.0,0.42,night,6.66,0.0,0
1766,30,115.65,15.3,0.3,72.8,323.5,104677.0,3.9879,TCP,1,1,1,0,0.0,2.4,0.47,afternoon,0.03,0.0,0
12289,19,0.05,245966.9,380.3,665.1,776.3,602595.9,0.0028,TCP,1,1,1,0,0.0,6.0,0.53,night,38.03,0.0,0
540,8,0.1,5633.7,83.5,100.6,43.2,1867.8,0.0137,UDP,1,1,1,0,0.0,3.4,0.5,morning,8.35,0.0,0
110,2,0.05,2275.4,41.4,105.0,34.6,1200.0,0.0483,UDP,1,1,1,0,0.0,3.5,0.5,morning,4.14,0.0,0
0,2,0.0,0.0,666666.7,0.0,0.0,0.0,0.0,OTHER,1,1,1,0,1.0,0.0,0.0,morning,66666.67,0.0,0
182,4,0.05,3721.0,81.8,69.5,32.3,1044.3,0.0163,UDP,1,1,1,0,0.0,2.3,0.5,evening,8.18,0.0,0
0,2,0.08,0.0,25.2,0.0,0.0,0.0,0.0792,TCP,1,1,1,0,1.0,0.0,0.5,afternoon,2.52,0.0,0
0,2,0.0,0.0,666666.7,9.0,0.0,0.0,0.0,TCP,1,1,1,1,0.0,0.3,0.0,afternoon,66666.67,0.0,0
4686,16,5.67,826.1,2.8,337.2,496.4,246452.0,0.3781,TCP,1,1,1,1,0.0,6.0,0.44,evening,0.28,0.0,0
0,3,0.0,0.0,176470.6,10.3,15.5,240.2,0.0,OTHER,1,1,1,0,1.0,0.3,0.0,morning,17647.06,0.0,0
6,2,0.0,6000.0,26315.8,9.0,0.0,0.0,0.0001,OTHER,1,1,1,0,1.0,0.3,0.5,afternoon,2631.58,0.0,0
30,6,4.18,7.2,1.4,7.0,0.0,0.0,0.8369,OTHER,1,1,1,0,1.0,0.2,0.83,morning,0.14,0.0,0
216,4,0.03,6999.4,129.6,88.5,34.0,1153.2,0.0103,UDP,1,1,1,0,0.0,3.0,0.5,evening,12.96,0.0,0
0,2,0.0,0.0,11904.8,0.0,0.0,0.0,0.0002,OTHER,1,1,1,0,1.0,0.0,0.5,evening,1190.48,0.0,0
5126,20,0.61,8417.6,32.8,294.5,508.5,258544.4,0.0321,TCP,1,1,1,1,0.0,6.0,0.5,afternoon,3.28,0.0,0
102,4,0.0,102000.0,23809.5,51.8,8.8,76.8,0.0001,UDP,1,1,1,0,0.0,1.7,0.5,afternoon,2380.95,0.0,0
259053,255,115.71,2238.7,2.2,1018.7,854.0,729349.0,0.4556,TCP,1,1,1,1,0.0,6.0,0.69,morning,0.22,0.0,0
148,4,0.03,4797.6,129.7,68.5,17.5,307.2,0.0103,UDP,1,1,1,0,0.0,2.3,0.5,afternoon,12.97,0.0,0
475,30,116.37,4.1,0.3,31.6,106.8,11403.9,4.0126,TCP,1,1,1,0,0.0,1.1,0.47,night,0.03,0.0,0
254,4,0.06,4155.3,65.4,89.8,50.4,2539.2,0.0204,UDP,1,1,1,0,0.0,3.0,0.5,night,6.54,0.0,0
0,2,0.0,0.0,51282.1,0.0,0.0,0.0,0.0,OTHER,1,1,1,0,1.0,0.0,0.5,afternoon,5128.21,0.0,0
198,4,0.0,198000.0,22857.1,81.0,31.2,974.7,0.0001,UDP,1,1,1,0,0.0,2.7,0.5,evening,2285.71,0.0,0
154,4,0.0,154000.0,19047.6,67.0,21.4,456.3,0.0001,UDP,1,1,1,0,0.0,2.2,0.5,night,1904.76,0.0,0
0,2,0.0,0.0,666666.7,3.0,0.0,0.0,0.0,OTHER,1,1,1,0,0.0,0.1,0.0,morning,66666.67,0.0,0
0,2,0.0,0.0,666666.7,277.0,154.7,23941.3,0.0,OTHER,1,1,1,0,0.5,6.0,0.0,evening,66666.67,0.0,0
158,4,0.0,158000.0,25477.7,77.8,15.3,235.2,0.0001,UDP,1,1,1,0,0.0,2.6,0.5,afternoon,2547.77,0.0,0
6,2,0.0,6000.0,37735.8,9.0,0.0,0.0,0.0001,OTHER,1,1,1,0,1.0,0.3,0.5,morning,3773.58,0.0,0
3006,21,0.2,14746.7,103.0,313.3,631.0,398154.0,0.0102,TCP,1,1,1,1,0.0,6.0,0.48,night,10.3,0.0,0
440,45,0.13,3348.2,342.4,13.7,15.2,230.4,0.003,TCP,1,1,1,0,0.0,0.5,0.56,evening,34.24,0.0,0
578527,557,118.34,4888.9,4.7,1040.4,1132.4,1282360.1,0.2128,TCP,1,1,1,1,0.0,6.0,0.55,evening,0.47,0.0,0
4651,32,87.16,53.4,0.4,184.8,349.8,122334.1,2.8115,TCP,1,1,1,1,0.0,6.0,0.53,afternoon,0.04,0.0,0
4519,31,118.05,38.3,0.3,178.1,360.1,129669.7,3.9348,TCP,1,1,1,1,0.0,5.9,0.52,night,0.03,0.0,0
6,3,0.02,268.7,134.4,186.7,154.7,23941.3,0.0112,OTHER,1,1,1,0,0.5,6.0,0.33,evening,13.44,0.0,0
0,2,0.0,0.0,500000.0,3.0,0.0,0.0,0.0,OTHER,1,1,1,0,0.0,0.1,0.0,afternoon,50000.0,0.0,0
84,2,0.05,1745.5,41.6,98.0,16.2,261.3,0.0481,UDP,1,1,1,0,0.0,3.3,0.5,night,4.16,0.0,0
208,4,0.0,208000.0,23529.4,81.2,35.6,1267.5,0.0001,UDP,1,1,1,0,0.0,2.7,0.5,morning,2352.94,0.0,0
96,4,63.02,1.5,0.1,60.0,0.0,0.0,21.0,UDP,1,1,1,0,0.0,2.0,0.5,evening,0.01,0.0,0
975,14,0.9,1089.3,15.6,122.2,237.2,56279.2,0.0689,TCP,1,1,1,1,0.0,4.1,0.29,evening,1.56,0.0,0
0,3,0.0,0.0,10752.7,17.7,26.5,702.2,0.0001,OTHER,1,1,1,0,1.0,0.6,0.0,evening,1075.27,0.0,0
2663,13,5.53,481.9,2.4,247.5,467.7,218747.5,0.4605,TCP,1,1,1,1,0.0,6.0,0.38,night,0.24,0.0,0
6,2,0.0,6000.0,111111.1,9.0,0.0,0.0,0.0,OTHER,1,1,1,0,1.0,0.3,0.5,evening,11111.11,0.0,0
7727,16,0.38,20165.9,41.8,541.8,916.7,840407.0,0.0255,TCP,1,1,1,1,0.0,6.0,0.38,afternoon,4.18,0.0,0
144,4,0.0,144000.0,28571.4,69.0,15.3,235.2,0.0,UDP,1,1,1,0,0.0,2.3,0.5,night,2857.14,0.0,0
132,4,0.0,132000.0,23391.8,58.5,17.5,307.2,0.0001,UDP,1,1,1,0,0.0,1.9,0.5,morning,2339.18,0.0,0
182,6,0.09,2121.0,69.9,58.7,27.8,773.6,0.0172,UDP,1,1,1,0,0.0,2.0,0.33,morning,6.99,0.0,0
61,2,0.05,1275.1,41.8,75.5,9.2,85.3,0.0478,UDP,1,1,1,0,0.0,2.5,0.5,afternoon,4.18,0.0,0
180,4,0.0,180000.0,19704.4,69.8,31.2,974.7,0.0001,UDP,1,1,1,0,0.0,2.3,0.5,evening,1970.44,0.0,0
0,2,0.0,0.0,41666.7,3.0,0.0,0.0,0.0,OTHER,1,1,1,0,0.0,0.1,0.0,afternoon,4166.67,0.0,0
594,4,0.05,10943.7,73.7,173.2,144.6,20908.8,0.0181,UDP,1,1,1,0,0.0,5.8,0.5,afternoon,7.37,0.0,0
6,2,0.0,6000.0,45454.5,9.0,0.0,0.0,0.0,OTHER,1,1,1,0,1.0,0.3,0.5,afternoon,4545.45,0.0,0
330,4,0.03,10700.4,129.7,107.2,72.3,5227.2,0.0103,UDP,1,1,1,0,0.0,3.6,0.5,morning,12.97,0.0,0
39371,51,0.18,219136.8,283.9,789.4,815.8,665603.2,0.0036,TCP,1,1,1,1,0.0,6.0,0.59,afternoon,28.39,0.0,0
6,2,0.0,6000.0,13793.1,9.0,0.0,0.0,0.0001,TCP,1,1,1,0,1.0,0.3,0.5,afternoon,1379.31,0.0,0
0,3,6.14,0.0,0.5,0.0,0.0,0.0,3.07,TCP,1,1,1,0,0.0,0.0,0.0,afternoon,0.05,0.0,0
168,4,0.0,168000.0,13201.3,64.5,29.6,874.8,0.0001,UDP,1,1,1,0,0.0,2.1,0.5,afternoon,1320.13,0.0,0
0,2,0.0,0.0,86956.5,0.0,0.0,0.0,0.0,OTHER,1,1,1,0,1.0,0.0,0.5,morning,8695.65,0.0,0
482,8,4.42,108.9,1.8,82.4,66.5,4426.9,0.6321,UDP,1,1,1,0,0.0,2.7,0.5,afternoon,0.18,0.0,0
254,4,0.02,10667.3,168.0,89.8,50.4,2539.2,0.0079,UDP,1,1,1,0,0.0,3.0,0.5,morning,16.8,0.0,0
0,2,0.0,0.0,18867.9,0.0,0.0,0.0,0.0001,OTHER,1,1,1,0,1.0,0.0,0.5,morning,1886.79,0.0,0
228,4,0.0,228000.0,13422.8,89.2,38.9,1512.3,0.0001,UDP,1,1,1,0,0.0,3.0,0.5,evening,1342.28,0.0,0
264,4,0.0,264000.0,16260.2,105.0,43.8,1920.0,0.0001,UDP,1,1,1,0,0.0,3.5,0.5,morning,1626.02,0.0,0
254,4,0.05,4977.9,78.4,94.2,47.1,2218.8,0.017,UDP,1,1,1,0,0.0,3.1,0.5,evening,7.84,0.0,0
230,4,0.06,3803.3,66.1,90.5,38.9,1512.3,0.0202,UDP,1,1,1,0,0.0,3.0,0.5,evening,6.61,0.0,0
226,4,0.04,5884.7,104.2,78.2,46.0,2116.8,0.0128,UDP,1,1,1,0,0.0,2.6,0.5,morning,10.42,0.0,0
4280,32,80.77,53.0,0.4,230.0,320.5,102738.7,2.6056,TCP,1,1,1,0,0.0,6.0,0.5,morning,0.04,0.0,0
0,4,0.0,0.0,17467.2,30.8,23.3,541.8,0.0001,OTHER,1,1,1,0,0.5,1.0,0.25,night,1746.72,0.0,0
3875,15,5.79,668.8,2.6,283.3,489.3,239454.1,0.4139,TCP,1,1,1,1,0.0,6.0,0.4,evening,0.26,0.0,0
456,4,0.06,7403.0,64.9,140.2,105.7,11174.7,0.0205,UDP,1,1,1,0,0.0,4.7,0.5,evening,6.49,0.0,0
4019,40,115.76,34.7,0.3,126.8,334.7,112046.3,2.9683,TCP,1,1,1,1,0.0,4.2,0.5,evening,0.03,0.0,0
190,4,0.06,3088.7,65.0,69.2,36.1,1306.8,0.0205,UDP,1,1,1,0,0.0,2.3,0.5,night,6.5,0.0,0
6,3,0.0,6000.0,26087.0,8.0,0.0,0.0,0.0001,TCP,1,1,1,0,1.0,0.3,0.33,afternoon,2608.7,0.0,0
73,2,0.03,2390.9,65.5,93.5,9.2,85.3,0.0305,UDP,1,1,1,0,0.0,3.1,0.5,night,6.55,0.0,0
0,2,0.0,0.0,8000.0,9.0,0.0,0.0,0.0003,OTHER,1,1,1,0,1.0,0.3,0.0,night,800.0,0.0,0
176,4,0.0,176000.0,4938.3,76.2,24.6,607.5,0.0003,UDP,1,1,1,0,0.0,2.5,0.5,morning,493.83,0.0,0
172,4,0.0,172000.0,20408.2,71.5,26.3,691.2,0.0001,UDP,1,1,1,0,0.0,2.4,0.5,morning,2040.82,0.0,0
330,4,0.0,330000.0,16326.5,110.2,70.1,4915.2,0.0001,UDP,1,1,1,0,0.0,3.7,0.5,night,1632.65,0.0,0
72,2,0.05,1444.4,40.1,80.0,16.2,261.3,0.0498,UDP,1,1,1,0,0.0,2.7,0.5,night,4.01,0.0,0
3726,14,5.82,640.5,2.4,293.3,504.7,254699.8,0.4475,TCP,1,1,1,1,0.0,6.0,0.43,afternoon,0.24,0.0,0
0,2,0.0,0.0,40816.3,3.0,0.0,0.0,0.0,OTHER,1,1,1,0,0.0,0.1,0.0,morning,4081.63,0.0,0
155,2,0.03,5058.1,65.3,155.5,44.5,1976.3,0.0306,UDP,1,1,1,0,0.0,5.2,0.5,night,6.53,0.0,0
6,2,0.0,6000.0,42553.2,9.0,0.0,0.0,0.0,OTHER,1,1,1,0,1.0,0.3,0.5,evening,4255.32,0.0,0
6349,19,4.25,1492.3,4.5,369.3,607.5,369106.1,0.2364,TCP,1,1,1,1,0.0,6.0,0.53,evening,0.45,0.0,0
344,4,0.0,344000.0,15444.0,108.5,77.8,6049.2,0.0001,UDP,1,1,1,0,0.0,3.6,0.5,morning,1544.4,0.0,0
6,2,0.0,6000.0,400000.0,9.0,0.0,0.0,0.0,TCP,1,1,1,0,1.0,0.3,0.5,afternoon,40000.0,0.0,0
0,2,0.22,0.0,9.1,0.0,0.0,0.0,0.2204,TCP,1,1,1,0,1.0,0.0,0.5,morning,0.91,0.0,0
25947,27,0.44,58464.3,60.8,991.8,1638.5,2684822.6,0.0171,TCP,1,1,1,1,0.0,6.0,0.41,afternoon,6.08,0.0,0
342,2,0.12,2835.8,16.6,226.0,165.7,27456.3,0.1206,UDP,1,1,1,0,0.0,6.0,0.5,night,1.66,0.0,0
480,4,0.0,480000.0,12738.9,147.8,111.2,12362.7,0.0001,UDP,1,1,1,0,0.0,4.9,0.5,afternoon,1273.89,0.0,0
226,6,0.03,7305.6,194.0,71.8,35.1,1234.3,0.0062,UDP,1,1,1,0,0.0,2.4,0.33,morning,19.4,0.0,0
752,30,115.35,6.5,0.3,42.3,152.0,23112.8,3.9775,TCP,1,1,1,0,0.0,1.4,0.47,night,0.03,0.0,0
6,3,0.0,6000.0,33707.9,26.7,19.8,391.3,0.0,OTHER,1,1,1,0,0.5,0.9,0.33,evening,3370.79,0.0,0
274,4,0.14,2004.8,29.3,98.5,53.1,2822.7,0.0456,UDP,1,1,1,0,0.0,3.3,0.5,morning,2.93,0.0,0
222,6,0.06,3617.5,97.8,67.8,36.1,1303.8,0.0123,UDP,1,1,1,0,0.0,2.3,0.33,afternoon,9.78,0.0,0
200,4,0.19,1052.8,21.1,76.2,35.6,1267.5,0.0633,UDP,1,1,1,0,0.0,2.5,0.5,morning,2.11,0.0,0
3950,19,0.64,6212.8,29.9,244.9,442.7,196012.7,0.0353,TCP,1,1,1,1,0.0,6.0,0.53,night,2.99,0.0,0
373,20,117.85,3.2,0.2,62.9,114.4,13090.0,6.2027,TCP,1,1,1,1,0.0,2.1,0.45,morning,0.02,0.0,0
0,3,0.0,0.0,66666.7,0.0,0.0,0.0,0.0,OTHER,1,1,1,0,1.0,0.0,0.33,evening,6666.67,0.0,0
172,4,74.86,2.3,0.1,77.5,25.6,655.5,25.0,UDP,1,1,1,0,0.0,2.6,0.5,afternoon,0.01,0.0,0
0,6,14.55,0.0,0.4,5.2,11.7,137.3,2.91,TCP,1,1,1,1,1.0,0.2,0.33,evening,0.04,0.0,0
47284,75,7.34,6437.7,10.2,662.6,707.9,501151.9,0.0993,TCP,1,1,1,0,0.0,6.0,0.49,morning,1.02,0.0,0
0,2,0.0,0.0,1000000.0,53.0,30.6,936.3,0.0,OTHER,1,1,1,0,0.5,1.8,0.0,evening,100000.0,0.0,0
368,4,0.0,368000.0,21052.6,134.0,70.1,4915.2,0.0001,UDP,1,1,1,0,0.0,4.5,0.5,evening,2105.26,0.0,0
1070,14,42.31,25.3,0.3,102.2,80.1,6408.7,3.2548,UDP,1,1,1,0,0.0,3.4,0.43,morning,0.03,0.0,0
988,28,119.29,8.3,0.2,130.7,293.0,85876.9,4.4182,TCP,1,1,1,0,0.5,4.4,0.46,evening,0.02,0.0,0
0,2,0.0,0.0,11363.6,9.0,0.0,0.0,0.0002,TCP,1,1,1,0,1.0,0.3,0.0,evening,1136.36,0.0,0
0,3,0.0,0.0,1127.4,8.0,0.0,0.0,0.0013,OTHER,1,1,1,0,1.0,0.3,0.0,night,112.74,0.0,0
6,4,0.0,1650.6,1100.4,11.0,16.5,273.2,0.0012,OTHER,1,1,1,0,1.0,0.4,0.25,night,110.04,0.0,0
3025,42,116.2,26.0,0.4,94.8,290.3,84281.2,2.8341,TCP,1,1,1,1,0.0,3.2,0.48,morning,0.04,0.0,0
246,4,0.06,4007.2,65.2,86.2,49.3,2430.0,0.0205,UDP,1,1,1,0,0.0,2.9,0.5,night,6.52,0.0,0
154,4,0.0,154000.0,15564.2,66.2,21.9,480.0,0.0001,UDP,1,1,1,0,0.0,2.2,0.5,night,1556.42,0.0,0
0,2,0.0,0.0,666666.7,37.0,21.4,456.3,0.0,OTHER,1,1,1,0,0.5,1.2,0.0,afternoon,66666.67,0.0,0
172,4,0.0,172000.0,20000.0,76.8,22.5,504.3,0.0001,UDP,1,1,1,0,0.0,2.6,0.5,morning,2000.0,0.0,0
0,2,0.0,0.0,5263.2,9.0,0.0,0.0,0.0004,TCP,1,1,1,0,1.0,0.3,0.0,evening,526.32,0.0,0
67,2,0.02,2798.8,83.5,84.5,9.2,85.3,0.0239,UDP,1,1,1,0,0.0,2.8,0.5,night,8.35,0.0,0
0,2,0.0,0.0,2721.1,0.0,0.0,0.0,0.0007,OTHER,1,1,1,0,1.0,0.0,0.5,night,272.11,0.0,0
264,4,0.0,264000.0,266666.7,88.5,55.9,3121.2,0.0,UDP,1,1,1,0,0.0,3.0,0.5,night,26666.67,0.0,0
128,4,0.0,128000.0,17543.9,59.0,15.3,235.2,0.0001,UDP,1,1,1,0,0.0,2.0,0.5,evening,1754.39,0.0,0
5458,16,5.48,995.3,2.9,363.1,582.9,339794.2,0.3656,TCP,1,1,1,1,0.0,6.0,0.44,evening,0.29,0.0,0
181,4,13.5,13.4,0.3,82.2,27.6,764.2,4.5004,UDP,1,1,1,0,0.0,2.7,0.5,afternoon,0.03,0.0,0
0,2,0.0,0.0,9216.6,0.0,0.0,0.0,0.0002,TCP,1,1,1,1,1.0,0.0,0.0,morning,921.66,0.0,0
209,2,0.15,1384.7,13.3,153.5,92.4,8533.3,0.1509,UDP,1,1,1,0,0.0,5.1,0.5,night,1.33,0.0,0
96,4,0.0,96000.0,22222.2,48.0,8.8,76.8,0.0001,UDP,1,1,1,0,0.0,1.6,0.5,morning,2222.22,0.0,0
220,4,0.0,220000.0,16736.4,90.2,34.5,1190.7,0.0001,UDP,1,1,1,0,0.0,3.0,0.5,afternoon,1673.64,0.0,0
0,2,0.0,0.0,30769.2,0.0,0.0,0.0,0.0001,OTHER,1,1,1,0,1.0,0.0,0.5,afternoon,3076.92,0.0,0
190,4,0.04,4561.5,96.0,72.2,34.0,1153.2,0.0139,UDP,1,1,1,0,0.0,2.4,0.5,morning,9.6,0.0,0
357,2,0.02,15172.1,85.0,224.5,179.6,32240.3,0.0235,UDP,1,1,1,0,0.0,6.0,0.5,afternoon,8.5,0.0,0
130,2,0.09,1431.8,22.0,117.0,45.0,2028.0,0.0908,UDP,1,1,1,0,0.0,3.9,0.5,night,2.2,0.0,0
316,8,0.05,5879.4,148.8,71.4,14.8,217.8,0.0077,UDP,1,1,1,0,0.0,2.4,0.5,morning,14.88,0.0,0
0,2,0.0,0.0,18181.8,0.0,0.0,0.0,0.0001,TCP,1,1,1,0,1.0,0.0,0.0,morning,1818.18,0.0,0
0,3,0.0,0.0,76923.1,0.0,0.0,0.0,0.0,OTHER,1,1,1,0,1.0,0.0,0.67,night,7692.31,0.0,0
0,3,0.0,0.0,14492.8,20.7,17.9,320.3,0.0001,OTHER,1,1,1,0,0.5,0.7,0.33,night,1449.28,0.0,0
0,3,0.0,0.0,37500.0,0.0,0.0,0.0,0.0,OTHER,1,1,1,0,1.0,0.0,0.67,night,3750.0,0.0,0
5066,14,6.04,839.4,2.3,387.1,655.4,429495.4,0.4643,TCP,1,1,1,1,0.0,6.0,0.36,evening,0.23,0.0,0
117,2,0.05,2194.3,37.5,122.5,30.6,936.3,0.0533,UDP,1,1,1,0,0.0,4.1,0.5,night,3.75,0.0,0
463727,477,0.34,1360469.8,1399.4,973.9,789.6,623484.4,0.0007,TCP,1,1,1,1,0.0,6.0,0.64,morning,139.94,0.0,0
0,2,4.01,0.0,0.5,0.0,0.0,0.0,4.0063,TCP,1,1,1,0,1.0,0.0,0.0,evening,0.05,0.0,0
0,11,45.43,0.0,0.2,3.8,3.1,9.5,4.5431,TCP,1,1,1,0,1.0,0.1,0.45,evening,0.02,0.0,0
228,4,0.05,4902.7,86.0,82.5,43.8,1920.0,0.0155,UDP,1,1,1,0,0.0,2.8,0.5,morning,8.6,0.0,0
5015,12,0.14,35840.1,85.8,517.7,619.2,383416.0,0.0127,TCP,1,1,1,1,0.0,6.0,0.5,evening,8.58,0.0,0
12,4,0.0,12000.0,53333.3,4.5,2.2,4.8,0.0,OTHER,1,1,1,0,0.0,0.1,0.5,afternoon,5333.33,0.0,0
450,4,0.05,9467.7,84.2,137.2,105.2,11059.2,0.0158,UDP,1,1,1,0,0.0,4.6,0.5,evening,8.42,0.0,0
0,5,0.89,0.0,5.6,41.4,78.7,6191.1,0.222,TCP,1,1,1,1,0.0,1.4,0.2,morning,0.56,0.0,0
2267,9,0.07,32014.8,127.1,299.6,497.2,247184.9,0.0089,TCP,1,1,1,0,0.0,6.0,0.56,night,12.71,0.0,0
6,2,0.0,6000.0,38461.5,9.0,0.0,0.0,0.0001,OTHER,1,1,1,0,1.0,0.3,0.5,night,3846.15,0.0,0
5520,11,0.06,89877.4,179.1,530.7,868.2,753757.9,0.0061,TCP,1,1,1,1,0.0,6.0,0.36,evening,17.91,0.0,0
0,2,0.0,0.0,40816.3,0.0,0.0,0.0,0.0,OTHER,1,1,1,0,1.0,0.0,0.5,night,4081.63,0.0,0
69,2,0.05,1444.0,41.9,87.5,9.2,85.3,0.0478,UDP,1,1,1,0,0.0,2.9,0.5,afternoon,4.19,0.0,0
190,6,0.06,3140.7,99.2,64.2,27.3,746.7,0.0121,UDP,1,1,1,0,0.0,2.1,0.33,evening,9.92,0.0,0
6,2,0.0,6000.0,35087.7,9.0,0.0,0.0,0.0001,OTHER,1,1,1,0,0.0,0.3,0.5,morning,3508.77,0.0,0
12980,51,113.14,114.7,0.5,497.1,962.1,925704.7,2.2627,TCP,1,1,1,1,1.0,6.0,0.55,evening,0.05,0.0,0
164,4,0.0,164000.0,19047.6,64.2,27.9,780.3,0.0001,UDP,1,1,1,0,0.0,2.1,0.5,morning,1904.76,0.0,0
326,4,0.0,326000.0,19607.8,107.8,70.1,4915.2,0.0001,UDP,1,1,1,0,0.0,3.6,0.5,night,1960.78,0.0,0
292,2,0.05,5823.8,39.9,198.0,138.6,19200.0,0.0501,UDP,1,1,1,0,0.0,6.0,0.5,morning,3.99,0.0,0
90,2,0.03,2945.6,65.5,107.0,16.2,261.3,0.0306,UDP,1,1,1,0,0.0,3.6,0.5,afternoon,6.55,0.0,0
0,2,0.0,0.0,30769.2,0.0,0.0,0.0,0.0001,OTHER,1,1,1,0,1.0,0.0,0.5,evening,3076.92,0.0,0
381829,345,116.42,3279.9,3.0,1117.4,1000.4,1000781.4,0.3384,TCP,1,1,1,1,0.0,6.0,0.66,night,0.3,0.0,0
0,4,10.68,0.0,0.4,3.0,3.3,10.8,3.5588,TCP,1,1,1,1,0.0,0.1,0.25,evening,0.04,0.0,0
46,4,0.0,46000.0,23952.1,28.8,0.0,0.0,0.0001,UDP,1,1,1,0,0.0,1.0,0.5,evening,2395.21,0.0,0
0,2,0.56,0.0,3.6,9.0,0.0,0.0,0.5599,TCP,1,1,1,1,1.0,0.3,0.0,night,0.36,0.0,0
3319,39,115.49,28.7,0.3,106.0,294.4,86682.1,3.0391,TCP,1,1,1,1,0.0,3.5,0.49,morning,0.03,0.0,0
0,2,0.0,0.0,666666.7,31.0,17.9,320.3,0.0,TCP,1,1,1,1,0.5,1.0,0.0,night,66666.67,0.0,0
6634,83,1.26,5250.6,65.7,112.8,241.6,58391.2,0.0154,TCP,1,1,1,0,0.0,3.8,0.51,afternoon,6.57,0.0,0
0,3,1.63,0.0,1.8,12.3,18.5,342.2,0.8134,TCP,1,1,1,1,1.0,0.4,0.0,afternoon,0.18,0.0,0
4874,40,115.64,42.1,0.3,142.2,364.0,132526.5,2.9651,TCP,1,1,1,1,0.0,4.7,0.47,morning,0.03,0.0,0
192,2,0.1,2014.2,21.0,143.0,83.7,7008.3,0.0953,UDP,1,1,1,0,0.0,4.8,0.5,morning,2.1,0.0,0
218,6,0.07,3017.9,83.1,80.5,27.3,746.7,0.0144,UDP,1,1,1,0,0.0,2.7,0.33,night,8.31,0.0,0
170,4,0.03,5402.1,127.1,76.2,21.9,480.0,0.0105,UDP,1,1,1,0,0.0,2.5,0.5,morning,12.71,0.0,0
450,4,0.05,9358.8,83.2,144.0,100.2,10046.7,0.016,UDP,1,1,1,0,0.0,4.8,0.5,afternoon,8.32,0.0,0
6634,83,1.27,5234.7,65.5,112.8,241.6,58391.2,0.0155,TCP,1,1,1,0,0.0,3.8,0.51,afternoon,6.55,0.0,0
266,4,0.05,5482.0,82.4,117.5,35.6,1267.5,0.0162,UDP,1,1,1,0,0.0,3.9,0.5,evening,8.24,0.0,0
78,2,0.03,2469.4,63.3,89.0,16.2,261.3,0.0316,UDP,1,1,1,0,0.0,3.0,0.5,afternoon,6.33,0.0,0
30,6,0.14,214.6,42.9,7.0,0.0,0.0,0.028,OTHER,1,1,1,0,1.0,0.2,0.83,evening,4.29,0.0,0
136,4,0.0,136000.0,27027.0,73.0,8.8,76.8,0.0,UDP,1,1,1,0,0.0,2.4,0.5,evening,2702.7,0.0,0
131,2,0.06,2171.5,33.2,109.5,50.2,2523.0,0.0603,UDP,1,1,1,0,0.0,3.6,0.5,afternoon,3.32,0.0,0
102,4,0.05,2056.7,80.7,51.8,8.8,76.8,0.0165,UDP,1,1,1,0,0.0,1.7,0.5,night,8.07,0.0,0
0,3,0.0,0.0,3000000.0,16.3,12.5,156.2,0.0,OTHER,1,1,1,0,1.0,0.5,0.0,morning,300000.0,0.0,0
0,2,0.0,0.0,2000000.0,9.0,0.0,0.0,0.0,OTHER,1,1,1,0,1.0,0.3,0.0,night,200000.0,0.0,0
0,13,0.0,0.0,619047.6,53.8,0.0,0.0,0.0,OTHER,1,1,1,0,0.0,1.8,0.0,night,61904.76,0.0,0
274,4,0.0,274000.0,24844.7,98.5,53.1,2822.7,0.0001,UDP,1,1,1,0,0.0,3.3,0.5,evening,2484.47,0.0,0
0,11,41.89,0.0,0.3,3.8,3.1,9.5,4.1891,TCP,1,1,1,1,1.0,0.1,0.45,evening,0.03,0.0,0
3508,12,0.23,15074.8,51.6,323.7,540.0,291573.9,0.0212,TCP,1,1,1,1,0.0,6.0,0.42,evening,5.16,0.0,0
404,6,107.53,3.8,0.1,99.2,51.8,2679.3,21.5,UDP,1,1,1,0,0.0,3.3,0.5,evening,0.01,0.0,0
0,2,0.0,0.0,40816.3,3.0,0.0,0.0,0.0,OTHER,1,1,1,0,0.0,0.1,0.0,afternoon,4081.63,0.0,0
0,2,0.0,0.0,44444.4,0.0,0.0,0.0,0.0,OTHER,1,1,1,0,1.0,0.0,0.5,afternoon,4444.44,0.0,0
0,2,0.0,0.0,21978.0,0.0,0.0,0.0,0.0001,OTHER,1,1,1,0,1.0,0.0,0.5,evening,2197.8,0.0,0
0,2,0.0,0.0,43478.3,0.0,0.0,0.0,0.0,OTHER,1,1,1,0,1.0,0.0,0.5,morning,4347.83,0.0,0
12,4,0.0,12000.0,35087.7,4.5,2.2,4.8,0.0,OTHER,1,1,1,0,0.0,0.1,0.5,night,3508.77,0.0,0
689,23,60.98,11.3,0.4,108.7,265.6,70560.6,2.772,TCP,1,1,1,0,0.0,3.6,0.48,night,0.04,0.0,0
6,2,0.02,372.6,124.2,9.0,0.0,0.0,0.0161,TCP,1,1,1,1,1.0,0.3,0.5,evening,12.42,0.0,0
216,4,0.0,216000.0,20942.4,86.2,35.6,1267.5,0.0001,UDP,1,1,1,0,0.0,2.9,0.5,evening,2094.24,0.0,0
18,6,1.0,18.0,6.0,3.0,3.2,10.3,0.1995,TCP,1,1,1,0,0.0,0.1,0.5,morning,0.6,0.0,0
26,7,0.06,422.3,113.7,1661.0,3114.0,9696700.8,0.0103,OTHER,1,1,1,0,0.0,6.0,0.29,night,11.37,0.0,0
116,2,0.03,3675.3,63.4,120.0,31.2,972.0,0.0316,UDP,1,1,1,0,0.0,4.0,0.5,morning,6.34,0.0,0
236,4,0.0,236000.0,25000.0,89.8,42.2,1778.7,0.0001,UDP,1,1,1,0,0.0,3.0,0.5,evening,2500.0,0.0,0
120,4,0.0,120000.0,22857.1,63.0,8.8,76.8,0.0001,UDP,1,1,1,0,0.0,2.1,0.5,evening,2285.71,0.0,0
6,4,0.01,1040.2,693.5,15.5,14.3,204.8,0.0019,OTHER,1,1,1,0,1.0,0.5,0.25,morning,69.35,0.0,0
476,4,0.09,5203.3,43.7,152.8,105.7,11174.7,0.0305,UDP,1,1,1,0,0.0,5.1,0.5,night,4.37,0.0,0
0,6,3.57,0.0,1.7,0.0,0.0,0.0,0.7141,TCP,1,1,1,0,0.0,0.0,0.5,night,0.17,0.0,0
3932,33,115.99,33.9,0.3,147.6,472.6,223312.4,3.6248,TCP,1,1,1,0,0.0,4.9,0.45,evening,0.03,0.0,0
0,2,0.0,0.0,42553.2,3.0,0.0,0.0,0.0,OTHER,1,1,1,0,0.0,0.1,0.0,morning,4255.32,0.0,0
0,2,0.0,0.0,26666.7,34.0,14.4,208.3,0.0001,OTHER,1,1,1,0,0.5,1.1,0.0,evening,2666.67,0.0,0
4574,19,15.6,293.2,1.2,281.9,463.5,214863.7,0.8667,TCP,1,1,1,1,0.0,6.0,0.53,night,0.12,0.0,0
264,4,0.0,264000.0,18433.2,92.2,53.1,2822.7,0.0001,UDP,1,1,1,0,0.0,3.1,0.5,morning,1843.32,0.0,0
0,2,0.0,0.0,142857.1,3.0,0.0,0.0,0.0,OTHER,1,1,1,0,0.0,0.1,0.0,afternoon,14285.71,0.0,0
14084,33,0.38,37201.3,87.2,453.8,636.0,404457.8,0.0118,TCP,1,1,1,1,0.0,6.0,0.42,night,8.72,0.0,0
4051,17,5.61,722.2,3.0,277.9,502.8,252797.6,0.3506,TCP,1,1,1,1,0.0,6.0,0.41,night,0.3,0.0,0
0,2,0.0,0.0,666666.7,0.0,0.0,0.0,0.0,OTHER,1,1,1,0,1.0,0.0,0.0,afternoon,66666.67,0.0,0
3508,12,0.12,28473.1,97.4,323.7,540.0,291573.9,0.0112,TCP,1,1,1,1,0.0,6.0,0.42,afternoon,9.74,0.0,0
22340,58,115.58,193.3,0.5,432.8,713.5,509115.6,2.0278,TCP,1,1,1,1,0.0,6.0,0.5,night,0.05,0.0,0
0,3,0.05,0.0,57.1,0.0,0.0,0.0,0.0262,OTHER,1,1,1,0,1.0,0.0,0.33,evening,5.71,0.0,0
110,2,0.05,2317.5,42.1,105.0,34.6,1200.0,0.0475,UDP,1,1,1,0,0.0,3.5,0.5,evening,4.21,0.0,0
256,4,0.0,256000.0,19802.0,93.2,48.7,2376.3,0.0001,UDP,1,1,1,0,0.0,3.1,0.5,morning,1980.2,0.0,0
5402,42,116.07,46.5,0.4,215.4,478.0,228509.0,2.8311,TCP,1,1,1,1,0.0,6.0,0.48,morning,0.04,0.0,0
0,2,0.0,0.0,21739.1,0.0,0.0,0.0,0.0001,OTHER,1,1,1,0,1.0,0.0,0.5,evening,2173.91,0.0,0
0,4,5.87,0.0,0.7,0.0,0.0,0.0,1.9558,TCP,1,1,1,0,0.0,0.0,0.25,evening,0.07,0.0,0
389582,542,115.87,3362.3,4.7,765.7,808.4,653578.2,0.2142,TCP,1,1,1,1,0.0,6.0,0.6,afternoon,0.47,0.0,0
0,3,0.0,0.0,750000.0,43.0,18.9,356.2,0.0,OTHER,1,1,1,0,0.5,1.4,0.0,morning,75000.0,0.0,0
300,4,0.03,9574.6,127.7,103.5,61.3,3763.2,0.0104,UDP,1,1,1,0,0.0,3.5,0.5,night,12.77,0.0,0
264,4,0.0,264000.0,23952.1,88.5,55.9,3121.2,0.0001,UDP,1,1,1,0,0.0,3.0,0.5,night,2395.21,0.0,0
175,2,0.03,5645.5,64.5,134.5,73.9,5461.3,0.031,UDP,1,1,1,0,0.0,4.5,0.5,night,6.45,0.0,0
258,4,0.03,7983.2,123.8,99.0,45.5,2066.7,0.0108,UDP,1,1,1,0,0.0,3.3,0.5,afternoon,12.38,0.0,0
150,4,0.07,2008.5,53.6,63.0,22.5,504.3,0.0249,UDP,1,1,1,0,0.0,2.1,0.5,morning,5.36,0.0,0
0,3,0.0,0.0,57692.3,0.0,0.0,0.0,0.0,TCP,1,1,1,0,1.0,0.0,0.67,night,5769.23,0.0,0
77,2,0.02,3211.8,83.4,83.5,18.5,341.3,0.024,UDP,1,1,1,0,0.0,2.8,0.5,morning,8.34,0.0,0
96,4,0.0,96000.0,16129.0,60.0,0.0,0.0,0.0001,UDP,1,1,1,0,0.0,2.0,0.5,morning,1612.9,0.0,0
6,2,0.0,6000.0,16129.0,9.0,0.0,0.0,0.0001,OTHER,1,1,1,0,1.0,0.3,0.5,evening,1612.9,0.0,0
0,4,0.0,0.0,14492.8,17.5,17.9,320.0,0.0001,TCP,1,1,1,1,1.0,0.6,0.0,night,1449.28,0.0,0
0,2,0.0,0.0,666666.7,3.0,0.0,0.0,0.0,OTHER,1,1,1,0,0.0,0.1,0.0,evening,66666.67,0.0,0
228,4,0.0,228000.0,16597.5,89.2,38.9,1512.3,0.0001,UDP,1,1,1,0,0.0,3.0,0.5,night,1659.75,0.0,0
278,4,0.03,10553.5,151.8,95.0,57.5,3307.5,0.0088,UDP,1,1,1,0,0.0,3.2,0.5,afternoon,15.18,0.0,0
108,2,0.02,4582.5,84.9,99.0,36.4,1323.0,0.0236,UDP,1,1,1,0,0.0,3.3,0.5,night,8.49,0.0,0
264,4,0.02,10937.1,165.7,92.2,53.1,2822.7,0.008,UDP,1,1,1,0,0.0,3.1,0.5,night,16.57,0.0,0
148,4,0.04,3489.0,94.3,61.8,22.5,504.3,0.0141,UDP,1,1,1,0,0.0,2.1,0.5,night,9.43,0.0,0
0,2,0.0,0.0,666666.7,37.0,21.4,456.3,0.0,OTHER,1,1,1,0,0.5,1.2,0.0,evening,66666.67,0.0,0
0,2,0.01,0.0,329.2,9.0,0.0,0.0,0.0061,TCP,1,1,1,1,1.0,0.3,0.0,afternoon,32.92,0.0,0
4824,16,5.44,887.3,2.9,324.8,534.0,285119.6,0.3625,TCP,1,1,1,1,0.0,6.0,0.44,afternoon,0.29,0.0,0
0,2,0.0,0.0,6269.6,0.0,0.0,0.0,0.0003,OTHER,1,1,1,0,1.0,0.0,0.0,afternoon,626.96,0.0,0
48,2,0.1,503.3,21.0,72.0,0.0,0.0,0.0954,UDP,1,1,1,0,0.0,2.4,0.5,evening,2.1,0.0,0
5003,18,5.63,888.0,3.2,529.1,958.9,919403.2,0.3314,TCP,1,1,1,1,0.0,6.0,0.5,evening,0.32,0.0,0
18,10,0.23,78.3,43.5,13.2,22.0,482.4,0.0256,OTHER,1,1,1,0,0.5,0.4,0.4,morning,4.35,0.0,0
358,4,0.21,1673.0,18.7,115.0,79.4,6307.5,0.0713,UDP,1,1,1,0,0.0,3.8,0.5,night,1.87,0.0,0
71,2,0.03,2328.2,65.6,90.5,9.2,85.3,0.0305,UDP,1,1,1,0,0.0,3.0,0.5,afternoon,6.56,0.0,0
872,7,0.05,16796.0,134.8,187.9,319.5,102074.8,0.0087,TCP,1,1,1,0,0.0,6.0,0.57,morning,13.48,0.0,0
6,2,0.0,6000.0,54054.1,9.0,0.0,0.0,0.0,OTHER,1,1,1,0,1.0,0.3,0.5,afternoon,5405.41,0.0,0
6,2,0.0,6000.0,62500.0,9.0,0.0,0.0,0.0,OTHER,1,1,1,0,1.0,0.3,0.5,evening,6250.0,0.0,0
398,4,0.0,398000.0,15564.2,120.5,93.7,8772.3,0.0001,UDP,1,1,1,0,0.0,4.0,0.5,afternoon,1556.42,0.0,0
0,2,0.04,0.0,54.1,0.0,0.0,0.0,0.037,TCP,1,1,1,1,1.0,0.0,0.5,afternoon,5.41,0.0,0
18,4,0.0,18000.0,76923.1,7.5,0.0,0.0,0.0,OTHER,1,1,1,0,1.0,0.2,0.75,evening,7692.31,0.0,0
112,4,0.03,3557.8,127.1,46.0,17.5,307.2,0.0105,UDP,1,1,1,0,0.0,1.5,0.5,morning,12.71,0.0,0
0,4,5.48,0.0,0.7,3.0,3.3,10.8,1.8267,TCP,1,1,1,0,0.0,0.1,0.25,afternoon,0.07,0.0,0
0,2,0.0,0.0,666666.7,9.0,0.0,0.0,0.0,OTHER,1,1,1,0,1.0,0.3,0.0,night,66666.67,0.0,0
408,8,0.03,13200.5,258.8,77.9,31.1,966.9,0.0044,UDP,1,1,1,0,0.0,2.6,0.5,evening,25.88,0.0,0
0,2,0.0,0.0,2000000.0,9.0,0.0,0.0,0.0,TCP,1,1,1,1,0.0,0.3,0.0,morning,200000.0,0.0,0
192,4,0.59,327.7,6.8,72.8,34.5,1190.7,0.1953,UDP,1,1,1,0,0.0,2.4,0.5,night,0.68,0.0,0
2659,55,111.13,23.9,0.5,535.0,1077.2,1160463.5,2.058,TCP,1,1,1,0,1.0,6.0,0.45,evening,0.05,0.0,0
0,2,0.0,0.0,68965.5,0.0,0.0,0.0,0.0,OTHER,1,1,1,0,1.0,0.0,0.5,morning,6896.55,0.0,0
0,2,0.0,0.0,25316.5,9.0,0.0,0.0,0.0001,TCP,1,1,1,0,1.0,0.3,0.0,night,2531.65,0.0,0
5434,21,0.26,20605.2,79.6,308.7,542.2,294021.8,0.0132,TCP,1,1,1,1,0.0,6.0,0.38,morning,7.96,0.0,0
6,2,0.0,6000.0,90909.1,9.0,0.0,0.0,0.0,OTHER,1,1,1,0,1.0,0.3,0.5,morning,9090.91,0.0,0
3716,13,5.47,679.4,2.4,315.9,771.2,594791.3,0.4558,TCP,1,1,1,1,0.0,6.0,0.38,evening,0.24,0.0,0
102,4,0.02,4187.5,164.2,51.8,8.8,76.8,0.0081,UDP,1,1,1,0,0.0,1.7,0.5,afternoon,16.42,0.0,0
0,4,0.02,0.0,193.0,0.0,0.0,0.0,0.0069,TCP,1,1,1,1,0.0,0.0,0.25,night,19.3,0.0,0
6,3,0.0,6000.0,37500.0,22.7,16.4,267.3,0.0,OTHER,1,1,1,0,0.5,0.8,0.33,night,3750.0,0.0,0
0,3,0.0,0.0,750000.0,10.3,15.5,240.2,0.0,OTHER,1,1,1,0,1.0,0.3,0.0,night,75000.0,0.0,0
0,2,0.02,0.0,86.6,0.0,0.0,0.0,0.0231,TCP,1,1,1,0,1.0,0.0,0.5,night,8.66,0.0,0
180,4,0.0,180000.0,14234.9,75.0,27.4,750.0,0.0001,UDP,1,1,1,0,0.0,2.5,0.5,night,1423.49,0.0,0
0,2,0.0,0.0,11236.0,9.0,0.0,0.0,0.0002,TCP,1,1,1,1,1.0,0.3,0.0,night,1123.6,0.0,0
533,10,0.08,7006.2,131.4,188.1,420.7,177011.0,0.0085,TCP,1,1,1,0,0.0,6.0,0.4,night,13.14,0.0,0
136,4,0.0,136000.0,22857.1,61.0,17.5,307.2,0.0001,UDP,1,1,1,0,0.0,2.0,0.5,evening,2285.71,0.0,0
48290,77,115.68,417.4,0.7,637.9,930.8,866322.2,1.5221,TCP,1,1,1,1,0.0,6.0,0.55,afternoon,0.07,0.0,0
6,2,0.0,6000.0,40000.0,5.0,2.3,5.3,0.0001,OTHER,1,1,1,0,0.0,0.2,0.5,night,4000.0,0.0,0
3950,20,5.99,659.7,3.3,232.7,434.5,188789.5,0.3152,TCP,1,1,1,1,0.0,6.0,0.55,night,0.33,0.0,0
126,4,0.0,126000.0,23255.8,57.8,15.3,235.2,0.0001,UDP,1,1,1,0,0.0,1.9,0.5,night,2325.58,0.0,0
306,4,0.0,306000.0,17777.8,100.5,66.3,4392.3,0.0001,UDP,1,1,1,0,0.0,3.4,0.5,evening,1777.78,0.0,0
160,2,0.24,662.3,8.3,126.0,65.8,4332.0,0.2416,UDP,1,1,1,0,0.0,4.2,0.5,morning,0.83,0.0,0
334,4,0.0,334000.0,21052.6,107.5,73.9,5467.5,0.0001,UDP,1,1,1,0,0.0,3.6,0.5,night,2105.26,0.0,0
134,4,0.0,134000.0,24844.7,59.8,17.5,307.2,0.0001,UDP,1,1,1,0,0.0,2.0,0.5,morning,2484.47,0.0,0
188,4,0.03,6072.2,129.2,69.5,35.1,1228.8,0.0103,UDP,1,1,1,0,0.0,2.3,0.5,night,12.92,0.0,0
0,2,0.03,0.0,62.2,9.0,0.0,0.0,0.0322,TCP,1,1,1,1,1.0,0.3,0.0,evening,6.22,0.0,0
1086,13,2.0,543.0,6.5,206.3,365.0,133250.0,0.1667,TCP,1,1,1,1,0.0,6.0,0.46,night,0.65,0.0,0
190,2,0.02,7858.7,82.7,144.0,81.4,6627.0,0.0242,UDP,1,1,1,0,0.0,4.8,0.5,night,8.27,0.0,0
94,4,0.0,94000.0,23809.5,46.8,8.8,76.8,0.0001,UDP,1,1,1,0,0.0,1.6,0.5,afternoon,2380.95,0.0,0
96,4,67.03,1.4,0.1,60.0,0.0,0.0,22.3,UDP,1,1,1,0,0.0,2.0,0.5,afternoon,0.01,0.0,0
160,6,0.05,3437.8,128.9,51.7,24.4,595.2,0.0093,UDP,1,1,1,0,0.0,1.7,0.33,evening,12.89,0.0,0
0,6,5.48,0.0,1.1,2.0,2.9,8.6,1.096,TCP,1,1,1,0,0.0,0.1,0.33,morning,0.11,0.0,0
262,6,0.03,8479.8,194.2,82.0,41.5,1720.2,0.0062,UDP,1,1,1,0,0.0,2.7,0.33,morning,19.42,0.0,0
158404,178,117.06,1353.2,1.5,924.4,1128.6,1273766.7,0.6613,TCP,1,1,1,1,0.0,6.0,0.55,morning,0.15,0.0,0
136,4,0.0,136000.0,22099.4,73.0,8.8,76.8,0.0001,UDP,1,1,1,0,0.0,2.4,0.5,night,2209.94,0.0,0
223,2,0.02,9002.8,80.7,206.5,73.9,5461.3,0.0248,UDP,1,1,1,0,0.0,6.0,0.5,morning,8.07,0.0,0
7232,18,5.97,1212.3,3.0,421.1,619.6,383905.4,0.3509,TCP,1,1,1,1,0.0,6.0,0.44,morning,0.3,0.0,0
0,4,5.23,0.0,0.8,0.0,0.0,0.0,1.7445,TCP,1,1,1,0,0.0,0.0,0.5,night,0.08,0.0,0
0,2,0.0,0.0,21978.0,0.0,0.0,0.0,0.0001,TCP,1,1,1,1,1.0,0.0,0.0,afternoon,2197.8,0.0,0
0,5,0.05,0.0,107.2,7.4,15.1,228.2,0.0117,TCP,1,1,1,1,1.0,0.2,0.0,afternoon,10.72,0.0,0
96,4,0.0,96000.0,23668.6,48.0,8.8,76.8,0.0001,UDP,1,1,1,0,0.0,1.6,0.5,afternoon,2366.86,0.0,0
3084,18,15.86,194.5,1.1,249.6,433.8,188207.6,0.9327,TCP,1,1,1,1,0.0,6.0,0.44,afternoon,0.11,0.0,0
414,8,5.09,81.3,1.6,104.9,178.2,31762.9,0.7272,TCP,1,1,1,0,0.0,3.5,0.5,night,0.16,0.0,0
0,2,0.0,0.0,41666.7,0.0,0.0,0.0,0.0,OTHER,1,1,1,0,1.0,0.0,0.5,night,4166.67,0.0,0
2771,14,5.51,502.9,2.5,222.9,422.5,178471.4,0.4238,TCP,1,1,1,1,0.0,6.0,0.43,afternoon,0.25,0.0,0
198,4,0.0,198000.0,12500.0,81.8,30.7,940.8,0.0001,UDP,1,1,1,0,0.0,2.7,0.5,morning,1250.0,0.0,0
94,4,0.0,94000.0,20000.0,46.8,8.8,76.8,0.0001,UDP,1,1,1,0,0.0,1.6,0.5,afternoon,2000.0,0.0,0
12,3,0.0,12000.0,35714.3,8.0,0.0,0.0,0.0,OTHER,1,1,1,0,1.0,0.3,0.67,afternoon,3571.43,0.0,0
107,2,0.06,1770.5,33.1,106.5,31.2,972.0,0.0604,UDP,1,1,1,0,0.0,3.5,0.5,morning,3.31,0.0,0
0,2,0.04,0.0,54.8,0.0,0.0,0.0,0.0365,TCP,1,1,1,0,1.0,0.0,0.5,night,5.48,0.0,0
365,29,115.98,3.1,0.3,25.2,72.4,5241.8,4.1422,TCP,1,1,1,0,0.0,0.8,0.45,afternoon,0.03,0.0,0
0,2,0.0,0.0,54054.1,0.0,0.0,0.0,0.0,OTHER,1,1,1,0,1.0,0.0,0.5,night,5405.41,0.0,0
154,4,0.0,154000.0,17777.8,67.0,21.4,456.3,0.0001,UDP,1,1,1,0,0.0,2.2,0.5,night,1777.78,0.0,0
12,4,0.0,12000.0,39604.0,4.5,2.2,4.8,0.0,TCP,1,1,1,0,0.0,0.1,0.5,evening,3960.4,0.0,0
330,4,0.0,330000.0,26315.8,152.2,39.4,1555.2,0.0001,OTHER,1,1,1,0,0.0,5.1,0.5,night,2631.58,0.0,0
9240,39,119.88,77.1,0.3,261.2,607.7,369324.5,3.1547,TCP,1,1,1,1,0.0,6.0,0.46,morning,0.03,0.0,0
6,2,0.0,6000.0,200000.0,9.0,0.0,0.0,0.0,OTHER,1,1,1,0,1.0,0.3,0.5,morning,20000.0,0.0,0
250,4,0.0,250000.0,21978.0,88.0,49.8,2484.3,0.0001,UDP,1,1,1,0,0.0,2.9,0.5,evening,2197.8,0.0,0
0,2,0.0,0.0,9216.6,0.0,0.0,0.0,0.0002,OTHER,1,1,1,0,1.0,0.0,0.5,afternoon,921.66,0.0,0
0,2,0.0,0.0,666666.7,37.0,21.4,456.3,0.0,OTHER,1,1,1,0,0.5,1.2,0.0,morning,66666.67,0.0,0
5345,17,7.93,674.3,2.1,533.3,764.3,584150.4,0.4954,TCP,1,1,1,0,0.0,6.0,0.53,night,0.21,0.0,0
200,4,0.02,8411.1,168.2,79.2,33.4,1116.3,0.0079,UDP,1,1,1,0,0.0,2.6,0.5,morning,16.82,0.0,0
18,5,0.08,221.0,61.4,7.2,0.0,0.0,0.0204,OTHER,1,1,1,0,1.0,0.2,0.6,morning,6.14,0.0,0
190,4,0.09,2099.1,44.2,74.5,32.3,1044.3,0.0302,UDP,1,1,1,0,0.0,2.5,0.5,morning,4.42,0.0,0
2,4,5.85,0.3,0.7,3.5,3.0,9.2,1.9516,TCP,1,1,1,0,0.0,0.1,0.25,evening,0.07,0.0,0
5899,28,9.88,597.2,2.8,293.4,556.2,309352.2,0.3658,TCP,1,1,1,1,0.0,6.0,0.43,night,0.28,0.0,0
6,3,0.01,752.8,376.4,186.7,154.7,23941.3,0.004,OTHER,1,1,1,0,0.5,6.0,0.33,morning,37.64,0.0,0
0,2,0.03,0.0,62.4,0.0,0.0,0.0,0.0321,TCP,1,1,1,1,1.0,0.0,0.5,morning,6.24,0.0,0
260,6,0.07,3588.1,82.8,70.8,47.3,2240.2,0.0145,UDP,1,1,1,0,0.0,2.4,0.33,evening,8.28,0.0,0
140,4,0.28,501.4,14.3,58.2,21.4,456.3,0.0931,UDP,1,1,1,0,0.0,1.9,0.5,afternoon,1.43,0.0,0
148,4,0.02,5943.1,160.6,63.2,21.4,456.3,0.0083,UDP,1,1,1,0,0.0,2.1,0.5,morning,16.06,0.0,0
446,4,0.03,14411.7,129.3,138.5,102.4,10490.7,0.0103,UDP,1,1,1,0,0.0,4.6,0.5,morning,12.93,0.0,0
0,4,0.0,0.0,12500.0,6.0,2.7,7.2,0.0001,TCP,1,1,1,1,0.0,0.2,0.25,morning,1250.0,0.0,0
0,3,0.0,0.0,58823.5,0.0,0.0,0.0,0.0,OTHER,1,1,1,0,1.0,0.0,0.67,afternoon,5882.35,0.0,0
91,2,0.06,1501.2,33.0,90.5,26.6,705.3,0.0606,UDP,1,1,1,0,0.0,3.0,0.5,evening,3.3,0.0,0
200,4,103.61,1.9,0.0,89.5,36.4,1328.3,34.5368,UDP,1,1,1,0,0.0,3.0,0.5,night,0.0,0.0,0
0,3,0.02,0.0,138.6,16.3,12.5,156.2,0.0108,OTHER,1,1,1,0,1.0,0.5,0.0,night,13.86,0.0,0
18,5,0.1,175.4,48.7,3.6,3.3,10.8,0.0257,OTHER,1,1,1,0,1.0,0.1,0.6,morning,4.87,0.0,0
0,2,0.0,0.0,666666.7,37.0,21.4,456.3,0.0,OTHER,1,1,1,0,0.5,1.2,0.0,night,66666.67,0.0,0
0,2,0.0,0.0,666666.7,3.0,0.0,0.0,0.0,OTHER,1,1,1,0,0.0,0.1,0.0,night,66666.67,0.0,0
0,2,0.0,0.0,11904.8,0.0,0.0,0.0,0.0002,TCP,1,1,1,0,1.0,0.0,0.0,night,1190.48,0.0,0
0,2,0.0,0.0,500000.0,0.0,0.0,0.0,0.0,OTHER,1,1,1,0,1.0,0.0,0.0,afternoon,50000.0,0.0,0
254,4,0.0,254000.0,20100.5,94.2,47.1,2218.8,0.0001,UDP,1,1,1,0,0.0,3.1,0.5,afternoon,2010.05,0.0,0
3323,26,65.4,50.8,0.4,167.4,373.0,139119.1,2.616,TCP,1,1,1,1,0.0,5.6,0.46,night,0.04,0.0,0
46,6,4.79,9.6,1.3,35.8,21.7,470.2,0.9581,TCP,1,1,1,1,0.5,1.2,0.17,night,0.13,0.0,0
6,2,0.0,6000.0,39215.7,9.0,0.0,0.0,0.0001,OTHER,1,1,1,0,1.0,0.3,0.5,evening,3921.57,0.0,0
0,2,0.01,0.0,247.6,0.0,0.0,0.0,0.0081,OTHER,1,1,1,0,1.0,0.0,0.0,afternoon,24.76,0.0,0
0,2,0.0,0.0,40816.3,3.0,0.0,0.0,0.0,OTHER,1,1,1,0,0.0,0.1,0.0,evening,4081.63,0.0,0
168,4,0.0,168000.0,19900.5,73.5,23.0,529.2,0.0001,UDP,1,1,1,0,0.0,2.5,0.5,morning,1990.05,0.0,0
116,4,0.0,116000.0,22598.9,60.5,8.8,76.8,0.0001,UDP,1,1,1,0,0.0,2.0,0.5,evening,2259.89,0.0,0
0,2,0.0,0.0,32258.1,0.0,0.0,0.0,0.0001,OTHER,1,1,1,0,1.0,0.0,0.5,afternoon,3225.81,0.0,0
6,3,0.0,6000.0,14285.7,24.7,14.4,208.3,0.0001,OTHER,1,1,1,0,0.5,0.8,0.33,night,1428.57,0.0,0
3170,14,6.13,517.4,2.3,252.6,503.1,253085.5,0.4713,TCP,1,1,1,1,0.0,6.0,0.36,night,0.23,0.0,0
6,2,0.0,6000.0,22988.5,9.0,0.0,0.0,0.0001,OTHER,1,1,1,0,1.0,0.3,0.5,afternoon,2298.85,0.0,0
0,3,0.0,0.0,9803.9,10.3,15.5,240.2,0.0002,OTHER,1,1,1,0,1.0,0.3,0.0,evening,980.39,0.0,0
0,2,0.0,0.0,500000.0,9.0,0.0,0.0,0.0,OTHER,1,1,1,0,1.0,0.3,0.0,night,50000.0,0.0,0
12,4,0.0,12000.0,76923.1,4.5,2.2,4.8,0.0,OTHER,1,1,1,0,0.0,0.1,0.5,night,7692.31,0.0,0
234,4,0.0,234000.0,14184.4,86.2,43.8,1920.0,0.0001,UDP,1,1,1,0,0.0,2.9,0.5,night,1418.44,0.0,0
3716,12,5.36,693.5,2.2,342.2,946.3,895558.5,0.4871,TCP,1,1,1,1,0.0,6.0,0.33,morning,0.22,0.0,0
464,4,0.02,19108.8,164.7,146.8,104.6,10944.3,0.0081,UDP,1,1,1,0,0.0,4.9,0.5,afternoon,16.47,0.0,0
0,2,0.0,0.0,666666.7,9.0,0.0,0.0,0.0,TCP,1,1,1,1,0.0,0.3,0.0,evening,66666.67,0.0,0
4104,39,115.87,35.4,0.3,153.9,395.8,156676.5,3.0493,TCP,1,1,1,1,0.0,5.1,0.46,morning,0.03,0.0,0
85,2,0.07,1282.5,30.2,90.5,21.4,456.3,0.0663,UDP,1,1,1,0,0.0,3.0,0.5,afternoon,3.02,0.0,0
194,4,0.06,3258.0,67.2,83.8,27.4,750.0,0.0198,UDP,1,1,1,0,0.0,2.8,0.5,evening,6.72,0.0,0
6,2,0.0,6000.0,83333.3,9.0,0.0,0.0,0.0,OTHER,1,1,1,0,1.0,0.3,0.5,evening,8333.33,0.0,0
96,4,0.0,96000.0,19138.8,48.0,8.8,76.8,0.0001,UDP,1,1,1,0,0.0,1.6,0.5,morning,1913.88,0.0,0
672,5,0.18,3791.1,28.2,228.4,299.9,89911.1,0.0443,TCP,1,1,1,0,0.0,6.0,0.4,night,2.82,0.0,0
94,4,0.0,94000.0,22099.4,46.8,8.8,76.8,0.0001,UDP,1,1,1,0,0.0,1.6,0.5,night,2209.94,0.0,0
82,4,0.06,1360.3,66.4,39.2,8.8,76.8,0.0201,UDP,1,1,1,0,0.0,1.3,0.5,afternoon,6.64,0.0,0
12,4,0.0,12000.0,38095.2,4.5,2.2,4.8,0.0,OTHER,1,1,1,0,0.0,0.1,0.5,evening,3809.52,0.0,0
348,4,0.12,2848.4,32.7,118.5,72.3,5227.2,0.0407,UDP,1,1,1,0,0.0,4.0,0.5,morning,3.27,0.0,0
18,6,1.17,15.4,5.1,3.0,3.2,10.3,0.2338,TCP,1,1,1,1,0.0,0.1,0.5,night,0.51,0.0,0
0,5,0.1,0.0,48.7,4.8,3.1,9.6,0.0257,TCP,1,1,1,1,0.0,0.2,0.4,afternoon,4.87,0.0,0
148,4,0.0,148000.0,19047.6,58.8,24.6,607.5,0.0001,UDP,1,1,1,0,0.0,2.0,0.5,morning,1904.76,0.0,0
12,4,0.0,12000.0,57971.0,4.5,2.2,4.8,0.0,OTHER,1,1,1,0,0.0,0.1,0.5,afternoon,5797.1,0.0,0
426,44,0.14,2968.5,306.6,13.7,15.3,235.6,0.0033,TCP,1,1,1,0,0.0,0.5,0.55,evening,30.66,0.0,0
0,2,0.57,0.0,3.5,0.0,0.0,0.0,0.5681,TCP,1,1,1,1,1.0,0.0,0.0,evening,0.35,0.0,0
0,3,0.01,0.0,546.5,25.3,21.9,481.3,0.0027,OTHER,1,1,1,0,0.5,0.8,0.33,morning,54.65,0.0,0
6011,21,4.17,1442.2,5.0,440.8,730.7,533932.9,0.2084,TCP,1,1,1,1,0.0,6.0,0.48,afternoon,0.5,0.0,0
12,4,0.0,12000.0,108108.1,4.5,2.2,4.8,0.0,OTHER,1,1,1,0,0.0,0.1,0.5,night,10810.81,0.0,0
153,2,0.03,5014.1,65.5,133.5,55.4,3072.0,0.0305,UDP,1,1,1,0,0.0,4.5,0.5,night,6.55,0.0,0
0,2,0.0,0.0,31746.0,0.0,0.0,0.0,0.0001,OTHER,1,1,1,0,1.0,0.0,0.5,morning,3174.6,0.0,0
119,2,0.02,4804.2,80.7,114.5,37.0,1365.3,0.0248,UDP,1,1,1,0,0.0,3.8,0.5,morning,8.07,0.0,0
6,2,0.0,6000.0,62500.0,9.0,0.0,0.0,0.0,OTHER,1,1,1,0,1.0,0.3,0.5,evening,6250.0,0.0,0
0,3,0.0,0.0,25210.1,0.0,0.0,0.0,0.0001,OTHER,1,1,1,0,1.0,0.0,0.67,evening,2521.01,0.0,0
188,9,1.56,120.4,5.8,88.0,163.7,26812.0,0.1952,TCP,1,1,1,1,0.0,2.9,0.44,night,0.58,0.0,0
12,4,0.0,12000.0,59701.5,4.5,2.2,4.8,0.0,OTHER,1,1,1,0,0.0,0.1,0.5,night,5970.15,0.0,0
6,4,0.07,83.9,55.9,7.5,0.0,0.0,0.0238,OTHER,1,1,1,0,1.0,0.2,0.25,afternoon,5.59,0.0,0
0,2,0.01,0.0,331.7,0.0,0.0,0.0,0.006,TCP,1,1,1,0,1.0,0.0,0.0,afternoon,33.17,0.0,0
647,4,45.07,14.4,0.1,200.2,149.7,22413.7,15.0,UDP,1,1,1,0,0.0,6.0,0.5,afternoon,0.01,0.0,0
90,2,0.03,2972.6,66.1,91.0,25.4,645.3,0.0303,UDP,1,1,1,0,0.0,3.0,0.5,night,6.61,0.0,0
196,4,0.03,6259.0,127.7,82.8,29.0,842.7,0.0104,UDP,1,1,1,0,0.0,2.8,0.5,evening,12.77,0.0,0
508,8,0.03,15071.1,237.3,101.6,34.8,1210.0,0.0048,UDP,1,1,1,0,0.0,3.4,0.5,evening,23.73,0.0,0
0,2,0.0,0.0,2000000.0,9.0,0.0,0.0,0.0,TCP,1,1,1,1,0.0,0.3,0.0,evening,200000.0,0.0,0
0,2,0.0,0.0,500000.0,175.5,55.4,3072.0,0.0,OTHER,1,1,1,0,0.5,5.8,0.0,evening,50000.0,0.0,0
560,17,29.9,18.7,0.6,73.3,78.2,6121.9,1.8691,OTHER,1,1,1,0,0.0,2.4,0.35,night,0.06,0.0,0
46,6,4.07,11.3,1.5,37.8,18.9,356.0,0.8144,TCP,1,1,1,1,0.5,1.3,0.17,afternoon,0.15,0.0,0
220,4,0.09,2361.6,42.9,76.0,44.9,2017.2,0.0311,UDP,1,1,1,0,0.0,2.5,0.5,afternoon,4.29,0.0,0
0,2,0.0,0.0,2000000.0,3.0,0.0,0.0,0.0,OTHER,1,1,1,0,0.0,0.1,0.0,morning,200000.0,0.0,0
0,5,53.86,0.0,0.1,4.8,3.1,9.6,13.4649,TCP,1,1,1,1,1.0,0.2,0.4,night,0.01,0.0,0
116,4,0.06,1848.3,63.7,55.2,12.6,158.7,0.0209,UDP,1,1,1,0,0.0,1.8,0.5,morning,6.37,0.0,0
127,2,0.06,2245.1,35.4,106.5,48.5,2352.0,0.0566,UDP,1,1,1,0,0.0,3.5,0.5,night,3.54,0.0,0
116,4,0.0,116000.0,32786.9,60.5,8.8,76.8,0.0,UDP,1,1,1,0,0.0,2.0,0.5,morning,3278.69,0.0,0
34014,50,46.07,738.2,1.1,698.7,712.7,508008.1,0.9403,TCP,1,1,1,0,0.0,6.0,0.62,night,0.11,0.0,0
236,2,0.06,3871.8,32.8,162.0,110.9,12288.0,0.061,UDP,1,1,1,0,0.0,5.4,0.5,night,3.28,0.0,0
120,4,0.0,120000.0,29197.1,63.0,8.8,76.8,0.0,UDP,1,1,1,0,0.0,2.1,0.5,morning,2919.71,0.0,0
0,3,0.03,0.0,92.5,2.0,3.0,9.0,0.0162,OTHER,1,1,1,0,1.0,0.1,0.33,morning,9.25,0.0,0
3375,13,0.1,33038.4,127.3,449.8,626.1,392060.1,0.0085,TCP,1,1,1,1,0.0,6.0,0.54,afternoon,12.73,0.0,0
122,4,0.0,122000.0,25477.7,64.2,8.8,76.8,0.0001,UDP,1,1,1,0,0.0,2.1,0.5,morning,2547.77,0.0,0
752,30,115.93,6.5,0.3,42.3,151.9,23086.6,3.9977,TCP,1,1,1,0,0.0,1.4,0.47,morning,0.03,0.0,0
6,2,0.0,6000.0,16260.2,9.0,0.0,0.0,0.0001,OTHER,1,1,1,0,1.0,0.3,0.5,evening,1626.02,0.0,0
1039,7,5.07,205.0,1.4,253.0,412.9,170506.0,0.8447,TCP,1,1,1,0,0.0,6.0,0.43,evening,0.14,0.0,0
18,4,0.0,18000.0,76923.1,7.5,0.0,0.0,0.0,OTHER,1,1,1,0,1.0,0.2,0.75,night,7692.31,0.0,0
202,4,0.0,202000.0,25477.7,80.5,33.4,1116.3,0.0001,UDP,1,1,1,0,0.0,2.7,0.5,night,2547.77,0.0,0
78,2,0.05,1544.2,39.6,89.0,16.2,261.3,0.0505,UDP,1,1,1,0,0.0,3.0,0.5,evening,3.96,0.0,0
196,4,0.0,196000.0,22988.5,84.2,27.9,780.3,0.0001,UDP,1,1,1,0,0.0,2.8,0.5,evening,2298.85,0.0,0
68,2,0.03,2221.3,65.3,86.0,9.2,85.3,0.0306,UDP,1,1,1,0,0.0,2.9,0.5,morning,6.53,0.0,0
0,2,0.0,0.0,29411.8,0.0,0.0,0.0,0.0001,OTHER,1,1,1,0,1.0,0.0,0.5,night,2941.18,0.0,0
198,2,0.21,938.3,9.5,143.0,88.9,7905.3,0.211,UDP,1,1,1,0,0.0,4.8,0.5,night,0.95,0.0,0
82457,128,115.91,711.4,1.1,680.4,921.0,848249.1,0.9127,TCP,1,1,1,1,0.0,6.0,0.49,night,0.11,0.0,0
0,2,0.0,0.0,500000.0,9.0,0.0,0.0,0.0,TCP,1,1,1,1,0.0,0.3,0.0,evening,50000.0,0.0,0
0,2,0.0,0.0,41666.7,3.0,0.0,0.0,0.0,OTHER,1,1,1,0,0.0,0.1,0.0,morning,4166.67,0.0,0
0,4,5.34,0.0,0.7,3.0,3.3,10.8,1.7798,TCP,1,1,1,0,0.0,0.1,0.25,morning,0.07,0.0,0
175,2,0.16,1065.4,12.2,134.5,73.9,5461.3,0.1643,UDP,1,1,1,0,0.0,4.5,0.5,night,1.22,0.0,0
0,2,0.0,0.0,2000000.0,37.0,21.4,456.3,0.0,OTHER,1,1,1,0,0.5,1.2,0.0,afternoon,200000.0,0.0,0
118,4,0.0,118000.0,24539.9,61.8,8.8,76.8,0.0001,UDP,1,1,1,0,0.0,2.1,0.5,evening,2453.99,0.0,0
59,2,0.03,1915.6,64.9,72.5,9.2,85.3,0.0308,UDP,1,1,1,0,0.0,2.4,0.5,afternoon,6.49,0.0,0
306,4,0.0,306000.0,12698.4,100.5,66.3,4392.3,0.0001,UDP,1,1,1,0,0.0,3.4,0.5,night,1269.84,0.0,0
112,4,0.0,112000.0,24390.2,58.0,8.8,76.8,0.0001,UDP,1,1,1,0,0.0,1.9,0.5,morning,2439.02,0.0,0
190,4,0.02,7793.9,164.1,76.8,30.7,940.8,0.0081,UDP,1,1,1,0,0.0,2.6,0.5,night,16.41,0.0,0
0,34,0.04,0.0,906.1,585.2,686.9,471840.7,0.0011,OTHER,1,1,1,0,0.0,6.0,0.41,morning,90.61,0.0,0
0,2,0.0,0.0,471.9,9.0,0.0,0.0,0.0042,TCP,1,1,1,1,1.0,0.3,0.0,evening,47.19,0.0,0
0,2,0.0,0.0,2000000.0,14.0,8.1,65.3,0.0,OTHER,1,1,1,0,0.5,0.5,0.0,afternoon,200000.0,0.0,0
0,3,0.05,0.0,56.6,0.0,0.0,0.0,0.0265,OTHER,1,1,1,0,1.0,0.0,0.33,morning,5.66,0.0,0
0,2,0.02,0.0,86.2,0.0,0.0,0.0,0.0232,TCP,1,1,1,0,1.0,0.0,0.5,evening,8.62,0.0,0
3597,14,5.32,676.7,2.6,282.0,492.3,242398.6,0.4089,TCP,1,1,1,1,0.0,6.0,0.43,night,0.26,0.0,0
173,2,0.02,7253.4,83.9,131.5,73.9,5461.3,0.0239,UDP,1,1,1,0,0.0,4.4,0.5,afternoon,8.39,0.0,0
204,2,0.03,6574.3,64.5,146.0,92.4,8533.3,0.031,UDP,1,1,1,0,0.0,4.9,0.5,morning,6.45,0.0,0
6,3,0.02,257.6,128.8,186.7,154.7,23941.3,0.0116,OTHER,1,1,1,0,0.5,6.0,0.33,evening,12.88,0.0,0
0,2,0.0,0.0,557.4,9.0,0.0,0.0,0.0036,TCP,1,1,1,0,1.0,0.3,0.0,morning,55.74,0.0,0
0,3,0.0,0.0,750000.0,16.3,12.5,156.2,0.0,OTHER,1,1,1,0,1.0,0.5,0.0,morning,75000.0,0.0,0
19598,46,47.26,414.6,1.0,540.1,767.8,589542.5,1.0503,TCP,1,1,1,1,0.0,6.0,0.41,morning,0.1,0.0,0
4996,12,0.07,67105.4,161.2,461.8,1012.9,1025988.1,0.0068,TCP,1,1,1,1,0.0,6.0,0.33,morning,16.12,0.0,0
0,4,5.86,0.0,0.7,3.0,3.3,10.8,1.9521,TCP,1,1,1,0,0.0,0.1,0.25,morning,0.07,0.0,0
146692,139,33.25,4411.2,4.2,1074.6,1147.0,1315515.0,0.241,TCP,1,1,1,1,0.0,6.0,0.59,evening,0.42,0.0,0
212,4,5.06,41.9,0.8,54.5,94.2,8868.8,1.6883,TCP,1,1,1,0,0.0,1.8,0.5,morning,0.08,0.0,0
348,4,0.03,11318.2,130.1,121.5,70.1,4915.2,0.0102,UDP,1,1,1,0,0.0,4.0,0.5,evening,13.01,0.0,0
2281,7,0.14,16343.2,50.2,387.7,792.9,628715.1,0.0233,TCP,1,1,1,0,0.0,6.0,0.57,afternoon,5.02,0.0,0
74,2,0.06,1208.0,32.6,79.0,18.5,341.3,0.0613,UDP,1,1,1,0,0.0,2.6,0.5,afternoon,3.26,0.0,0
386,4,0.03,11606.2,120.3,136.2,76.7,5880.0,0.0111,UDP,1,1,1,0,0.0,4.5,0.5,night,12.03,0.0,0
0,2,0.0,0.0,74074.1,0.0,0.0,0.0,0.0,OTHER,1,1,1,0,1.0,0.0,0.5,morning,7407.41,0.0,0
6,4,0.0,1538.1,1025.4,15.5,14.3,204.8,0.0013,OTHER,1,1,1,0,1.0,0.5,0.25,night,102.54,0.0,0
141,2,0.23,626.1,8.9,118.5,53.7,2883.0,0.2252,UDP,1,1,1,0,0.0,4.0,0.5,morning,0.89,0.0,0
3716,14,5.68,654.0,2.5,293.4,503.5,253529.2,0.4371,TCP,1,1,1,1,0.0,6.0,0.43,night,0.25,0.0,0
0,2,0.0,0.0,23529.4,9.0,0.0,0.0,0.0001,TCP,1,1,1,0,1.0,0.3,0.0,night,2352.94,0.0,0
6,2,0.0,6000.0,19230.8,9.0,0.0,0.0,0.0001,OTHER,1,1,1,0,1.0,0.3,0.5,evening,1923.08,0.0,0
206,4,0.33,630.3,12.2,83.0,33.4,1116.3,0.1089,UDP,1,1,1,0,0.0,2.8,0.5,night,1.22,0.0,0
6,2,0.01,521.6,173.9,9.0,0.0,0.0,0.0115,TCP,1,1,1,1,1.0,0.3,0.5,afternoon,17.39,0.0,0
42135,65,20.78,2027.9,3.1,676.3,873.6,763176.2,0.3246,TCP,1,1,1,1,0.0,6.0,0.46,night,0.31,0.0,0
3932,15,5.16,761.4,2.9,286.0,502.6,252626.0,0.3689,TCP,1,1,1,1,0.0,6.0,0.4,night,0.29,0.0,0
3723,15,5.34,697.6,2.8,272.4,489.9,239969.6,0.3812,TCP,1,1,1,1,0.0,6.0,0.4,afternoon,0.28,0.0,0
28950,42,10.34,2799.4,4.1,713.2,838.4,702838.8,0.2522,TCP,1,1,1,1,0.0,6.0,0.55,night,0.41,0.0,0
23891,61,115.36,207.1,0.5,422.8,632.7,400330.1,1.9227,TCP,1,1,1,1,0.0,6.0,0.54,evening,0.05,0.0,0
206,2,0.1,2145.5,20.8,149.0,92.4,8533.3,0.096,UDP,1,1,1,0,0.0,5.0,0.5,morning,2.08,0.0,0
0,2,0.0,0.0,6389.8,0.0,0.0,0.0,0.0003,TCP,1,1,1,0,1.0,0.0,0.0,evening,638.98,0.0,0
0,2,0.0,0.0,41666.7,0.0,0.0,0.0,0.0,OTHER,1,1,1,0,1.0,0.0,0.5,afternoon,4166.67,0.0,0
159,2,0.0,159000.0,4555.8,160.5,45.0,2028.0,0.0004,UDP,1,1,1,0,0.0,5.3,0.5,afternoon,455.58,0.0,0
2225,25,59.63,37.3,0.4,131.4,310.8,96583.8,2.4845,TCP,1,1,1,1,0.0,4.4,0.52,night,0.04,0.0,0
3673,40,116.01,31.7,0.3,125.3,335.9,112807.7,2.9747,TCP,1,1,1,1,0.0,4.2,0.5,morning,0.03,0.0,0
41029,47,0.1,398475.2,456.5,899.8,1060.6,1124905.8,0.0022,TCP,1,1,1,1,0.0,6.0,0.53,night,45.65,0.0,0
39418,68,116.74,337.7,0.6,593.1,966.9,934969.9,1.7424,TCP,1,1,1,1,0.0,6.0,0.51,morning,0.06,0.0,0
164,11,5.57,29.4,2.0,71.0,148.7,22118.6,0.5573,TCP,1,1,1,1,0.0,2.4,0.36,night,0.2,0.0,0
690,4,0.05,12588.5,73.0,198.0,170.3,29016.3,0.0183,UDP,1,1,1,0,0.0,6.0,0.5,night,7.3,0.0,0
92,9,62.72,1.5,0.1,36.1,18.9,355.8,7.8404,TCP,1,1,1,1,0.5,1.2,0.22,evening,0.01,0.0,0
0,2,0.0,0.0,500000.0,0.0,0.0,0.0,0.0,OTHER,1,1,1,0,1.0,0.0,0.0,evening,50000.0,0.0,0
232,4,0.0,232000.0,24539.9,82.0,46.0,2116.8,0.0001,UDP,1,1,1,0,0.0,2.7,0.5,afternoon,2453.99,0.0,0
414,4,1.17,353.3,3.4,135.0,90.4,8167.5,0.3906,UDP,1,1,1,0,0.0,4.5,0.5,afternoon,0.34,0.0,0
0,2,0.0,0.0,83333.3,0.0,0.0,0.0,0.0,OTHER,1,1,1,0,1.0,0.0,0.5,morning,8333.33,0.0,0
208,4,0.03,6705.4,128.9,88.8,30.1,907.5,0.0103,UDP,1,1,1,0,0.0,3.0,0.5,night,12.89,0.0,0
299,19,64.07,4.7,0.3,31.8,92.1,8479.2,3.5592,TCP,1,1,1,0,0.0,1.1,0.42,morning,0.03,0.0,0
0,2,0.0,0.0,24390.2,0.0,0.0,0.0,0.0001,OTHER,1,1,1,0,1.0,0.0,0.5,evening,2439.02,0.0,0
5742,20,60.46,95.0,0.3,540.7,852.7,727126.9,3.1821,TCP,1,1,1,1,0.0,6.0,0.4,afternoon,0.03,0.0,0
0,11,45.77,0.0,0.2,3.8,3.1,9.5,4.5767,TCP,1,1,1,0,1.0,0.1,0.45,night,0.02,0.0,0
111,2,0.0,111000.0,3876.0,105.5,35.2,1240.3,0.0005,UDP,1,1,1,0,0.0,3.5,0.5,night,387.6,0.0,0
178,4,0.0,178000.0,20408.2,75.2,26.3,691.2,0.0001,UDP,1,1,1,0,0.0,2.5,0.5,morning,2040.82,0.0,0
183,2,0.06,2986.9,32.6,132.5,82.0,6721.3,0.0613,UDP,1,1,1,0,0.0,4.4,0.5,afternoon,3.26,0.0,0
6473,19,0.12,55172.0,161.9,366.8,725.3,526077.9,0.0065,TCP,1,1,1,1,0.0,6.0,0.42,night,16.19,0.0,0
36,7,8.16,4.4,0.9,6.9,0.0,0.0,1.3597,OTHER,1,1,1,0,1.0,0.2,0.86,afternoon,0.09,0.0,0
532,4,0.0,532000.0,16597.5,157.0,128.2,16426.8,0.0001,UDP,1,1,1,0,0.0,5.2,0.5,evening,1659.75,0.0,0
3514,16,11.05,318.0,1.4,292.6,459.7,211356.8,0.7368,TCP,1,1,1,1,0.0,6.0,0.5,evening,0.14,0.0,0
542,4,0.05,11390.4,84.1,159.5,130.9,17136.3,0.0159,UDP,1,1,1,0,0.0,5.3,0.5,evening,8.41,0.0,0
452,4,0.0,452000.0,17543.9,154.2,93.7,8772.3,0.0001,UDP,1,1,1,0,0.0,5.1,0.5,afternoon,1754.39,0.0,0
81,2,0.13,606.0,15.0,94.5,15.6,243.0,0.1337,UDP,1,1,1,0,0.0,3.1,0.5,morning,1.5,0.0,0
166,4,0.0,166000.0,20304.6,67.8,26.3,691.2,0.0001,UDP,1,1,1,0,0.0,2.3,0.5,morning,2030.46,0.0,0
4481,39,115.56,38.8,0.3,147.0,363.4,132083.8,3.041,TCP,1,1,1,1,0.0,4.9,0.46,night,0.03,0.0,0
136,2,0.03,4443.3,65.3,119.0,49.1,2408.3,0.0306,UDP,1,1,1,0,0.0,4.0,0.5,evening,6.53,0.0,0
96,4,0.0,96000.0,17094.0,48.0,8.8,76.8,0.0001,UDP,1,1,1,0,0.0,1.6,0.5,evening,1709.4,0.0,0
288,4,0.02,11838.7,164.4,99.8,58.6,3434.7,0.0081,UDP,1,1,1,0,0.0,3.3,0.5,afternoon,16.44,0.0,0
278,4,0.0,278000.0,13605.4,95.0,57.5,3307.5,0.0001,UDP,1,1,1,0,0.0,3.2,0.5,afternoon,1360.54,0.0,0
0,2,0.0,0.0,666666.7,37.0,21.4,456.3,0.0,OTHER,1,1,1,0,0.5,1.2,0.0,afternoon,66666.67,0.0,0
0,2,1.45,0.0,1.4,3.0,3.5,12.0,1.4459,TCP,1,1,1,0,1.0,0.1,0.0,afternoon,0.14,0.0,0
104,4,0.0,104000.0,27027.0,53.0,8.8,76.8,0.0,UDP,1,1,1,0,0.0,1.8,0.5,night,2702.7,0.0,0
268,4,0.08,3415.4,51.0,96.2,52.0,2707.5,0.0262,UDP,1,1,1,0,0.0,3.2,0.5,morning,5.1,0.0,0
871,7,0.05,18360.8,147.6,186.6,318.2,101260.8,0.0079,TCP,1,1,1,0,0.0,6.0,0.57,night,14.76,0.0,0
3961,14,60.27,65.7,0.2,346.1,507.5,257583.4,4.6358,TCP,1,1,1,1,0.0,6.0,0.43,morning,0.02,0.0,0
300,2,0.03,9683.7,64.6,194.0,147.8,21845.3,0.031,UDP,1,1,1,0,0.0,6.0,0.5,afternoon,6.46,0.0,0
0,2,0.0,0.0,500000.0,31.0,17.9,320.3,0.0,TCP,1,1,1,1,0.5,1.0,0.0,afternoon,50000.0,0.0,0
0,2,0.0,0.0,95238.1,0.0,0.0,0.0,0.0,OTHER,1,1,1,0,1.0,0.0,0.5,evening,9523.81,0.0,0
80,2,0.05,1607.8,40.2,92.0,16.2,261.3,0.0498,UDP,1,1,1,0,0.0,3.1,0.5,morning,4.02,0.0,0
42837,48,0.12,361795.9,405.4,911.6,1090.7,1189615.0,0.0025,TCP,1,1,1,1,0.0,6.0,0.54,evening,40.54,0.0,0
132,2,0.05,2713.9,41.1,114.0,48.5,2352.0,0.0486,UDP,1,1,1,0,0.0,3.8,0.5,night,4.11,0.0,0
6,2,0.0,6000.0,2000000.0,9.0,0.0,0.0,0.0,OTHER,1,1,1,0,1.0,0.3,0.5,night,200000.0,0.0,0
264,4,0.1,2619.3,39.7,88.5,55.9,3121.2,0.0336,UDP,1,1,1,0,0.0,3.0,0.5,evening,3.97,0.0,0
6,2,0.01,588.9,196.3,9.0,0.0,0.0,0.0102,TCP,1,1,1,1,1.0,0.3,0.5,morning,19.63,0.0,0
172,4,0.14,1204.4,28.0,70.8,26.8,720.3,0.0476,UDP,1,1,1,0,0.0,2.4,0.5,evening,2.8,0.0,0
172,4,0.0,172000.0,24096.4,76.8,22.5,504.3,0.0001,UDP,1,1,1,0,0.0,2.6,0.5,afternoon,2409.64,0.0,0
67,2,0.09,773.6,23.1,84.5,9.2,85.3,0.0866,UDP,1,1,1,0,0.0,2.8,0.5,night,2.31,0.0,0
296,4,0.0,296000.0,19138.8,113.0,52.6,2764.8,0.0001,UDP,1,1,1,0,0.0,3.8,0.5,morning,1913.88,0.0,0
326,4,0.0,326000.0,15873.0,106.2,71.2,5070.0,0.0001,UDP,1,1,1,0,0.0,3.5,0.5,morning,1587.3,0.0,0
218,4,0.03,7065.8,129.6,85.2,37.2,1387.2,0.0103,UDP,1,1,1,0,0.0,2.8,0.5,morning,12.96,0.0,0
0,2,0.01,0.0,151.6,0.0,0.0,0.0,0.0132,TCP,1,1,1,0,1.0,0.0,0.0,morning,15.16,0.0,0
264,4,0.0,264000.0,16000.0,92.2,53.1,2822.7,0.0001,UDP,1,1,1,0,0.0,3.1,0.5,morning,1600.0,0.0,0
0,2,0.0,0.0,2642.0,0.0,0.0,0.0,0.0008,OTHER,1,1,1,0,1.0,0.0,0.5,night,264.2,0.0,0
0,2,0.0,0.0,133333.3,9.0,0.0,0.0,0.0,TCP,1,1,1,1,0.0,0.3,0.0,morning,13333.33,0.0,0
0,4,5.69,0.0,0.7,0.0,0.0,0.0,1.898,TCP,1,1,1,0,0.0,0.0,0.25,night,0.07,0.0,0
216,4,0.0,216000.0,19230.8,88.5,34.0,1153.2,0.0001,UDP,1,1,1,0,0.0,3.0,0.5,night,1923.08,0.0,0
6,2,0.0,6000.0,17543.9,9.0,0.0,0.0,0.0001,OTHER,1,1,1,0,1.0,0.3,0.5,morning,1754.39,0.0,0
0,2,0.0,0.0,1593.6,0.0,0.0,0.0,0.0013,OTHER,1,1,1,0,1.0,0.0,0.5,night,159.36,0.0,0
126,6,0.03,4090.8,194.8,50.2,13.7,186.7,0.0062,UDP,1,1,1,0,0.0,1.7,0.33,morning,19.48,0.0,0
0,2,0.0,0.0,41666.7,3.0,0.0,0.0,0.0,OTHER,1,1,1,0,0.0,0.1,0.0,afternoon,4166.67,0.0,0
0,3,0.0,0.0,12711.9,0.0,0.0,0.0,0.0001,TCP,1,1,1,1,1.0,0.0,0.0,evening,1271.19,0.0,0
158,4,0.0,158000.0,4464.3,65.0,24.6,607.5,0.0003,UDP,1,1,1,0,0.0,2.2,0.5,afternoon,446.43,0.0,0
0,2,0.0,0.0,35087.7,0.0,0.0,0.0,0.0001,OTHER,1,1,1,0,1.0,0.0,0.5,afternoon,3508.77,0.0,0
196,4,0.0,196000.0,19138.8,84.2,27.9,780.3,0.0001,UDP,1,1,1,0,0.0,2.8,0.5,evening,1913.88,0.0,0
80,2,0.05,1601.6,40.0,92.0,16.2,261.3,0.05,UDP,1,1,1,0,0.0,3.1,0.5,night,4.0,0.0,0
278,4,0.0,278000.0,8097.2,92.8,59.2,3499.2,0.0002,UDP,1,1,1,0,0.0,3.1,0.5,morning,809.72,0.0,0
6856,21,11.06,620.0,1.9,360.8,560.7,314388.0,0.5529,TCP,1,1,1,0,0.0,6.0,0.57,afternoon,0.19,0.0,0
270,4,0.0,270000.0,22471.9,95.2,53.7,2881.2,0.0001,UDP,1,1,1,0,0.0,3.2,0.5,night,2247.19,0.0,0
111,2,0.0,111000.0,2503.1,106.5,34.6,1200.0,0.0008,UDP,1,1,1,0,0.0,3.5,0.5,morning,250.31,0.0,0
292,15,69.21,4.2,0.2,41.8,40.8,1661.2,4.9438,TCP,1,1,1,1,0.5,1.4,0.53,evening,0.02,0.0,0
0,4,5.22,0.0,0.8,3.0,3.3,10.8,1.74,TCP,1,1,1,0,0.0,0.1,0.25,evening,0.08,0.0,0
542,6,0.08,6643.9,73.5,129.5,109.3,11946.7,0.0163,UDP,1,1,1,0,0.0,4.3,0.33,night,7.35,0.0,0
206,4,0.05,4252.9,82.6,83.8,32.9,1080.0,0.0161,UDP,1,1,1,0,0.0,2.8,0.5,evening,8.26,0.0,0
224,4,0.0,224000.0,25477.7,83.0,41.6,1732.8,0.0001,UDP,1,1,1,0,0.0,2.8,0.5,evening,2547.77,0.0,0
0,2,0.0,0.0,500000.0,9.0,0.0,0.0,0.0,OTHER,1,1,1,0,1.0,0.3,0.0,afternoon,50000.0,0.0,0
0,2,0.0,0.0,666666.7,31.0,17.9,320.3,0.0,OTHER,1,1,1,0,0.5,1.0,0.0,evening,66666.67,0.0,0
246,4,0.0,246000.0,19900.5,105.8,35.1,1228.8,0.0001,UDP,1,1,1,0,0.0,3.5,0.5,evening,1990.05,0.0,0
328,4,0.0,328000.0,15564.2,103.8,73.9,5467.5,0.0001,UDP,1,1,1,0,0.0,3.5,0.5,evening,1556.42,0.0,0
212,4,0.0,212000.0,21390.4,87.5,32.9,1080.0,0.0001,UDP,1,1,1,0,0.0,2.9,0.5,morning,2139.04,0.0,0
4675,26,118.02,39.6,0.2,203.4,431.3,186037.2,4.7208,TCP,1,1,1,1,0.0,6.0,0.5,afternoon,0.02,0.0,0
484,4,0.03,15470.7,127.9,146.5,113.9,12979.2,0.0104,UDP,1,1,1,0,0.0,4.9,0.5,night,12.79,0.0,0
0,6,5.77,0.0,1.0,2.0,2.9,8.6,1.1548,TCP,1,1,1,0,0.0,0.1,0.33,night,0.1,0.0,0
356,4,103.62,3.4,0.0,129.0,95.3,9091.2,34.5,UDP,1,1,1,0,0.0,4.3,0.5,morning,0.0,0.0,0
252,4,0.0,252000.0,23668.6,88.5,50.4,2539.2,0.0001,UDP,1,1,1,0,0.0,3.0,0.5,morning,2366.86,0.0,0
46,4,0.0,46000.0,17391.3,28.8,0.0,0.0,0.0001,UDP,1,1,1,0,0.0,1.0,0.5,morning,1739.13,0.0,0
242,4,62.56,3.9,0.1,118.5,44.1,1943.2,20.853,UDP,1,1,1,0,0.0,4.0,0.5,morning,0.01,0.0,0
0,2,0.0,0.0,500000.0,9.0,0.0,0.0,0.0,TCP,1,1,1,1,0.0,0.3,0.0,evening,50000.0,0.0,0
250,6,0.03,7988.2,191.7,70.0,44.4,1971.7,0.0063,UDP,1,1,1,0,0.0,2.3,0.33,night,19.17,0.0,0
188,4,0.0,188000.0,32258.1,80.0,27.4,750.0,0.0,UDP,1,1,1,0,0.0,2.7,0.5,afternoon,3225.81,0.0,0
100,4,0.02,4239.1,169.6,50.5,8.8,76.8,0.0079,UDP,1,1,1,0,0.0,1.7,0.5,night,16.96,0.0,0
58814,83,116.08,506.7,0.7,719.4,1010.4,1020899.2,1.4155,TCP,1,1,1,1,0.0,6.0,0.54,morning,0.07,0.0,0
238,4,0.0,238000.0,19138.8,99.2,36.1,1306.8,0.0001,UDP,1,1,1,0,0.0,3.3,0.5,morning,1913.88,0.0,0
136,4,0.0,136000.0,27777.8,61.0,17.5,307.2,0.0,UDP,1,1,1,0,0.0,2.0,0.5,night,2777.78,0.0,0
112,4,0.0,112000.0,21857.9,58.0,8.8,76.8,0.0001,UDP,1,1,1,0,0.0,1.9,0.5,morning,2185.79,0.0,0
162,6,0.09,1788.3,66.2,52.0,24.9,619.3,0.0181,UDP,1,1,1,0,0.0,1.7,0.33,night,6.62,0.0,0
158,4,0.0,158000.0,15686.3,65.0,24.6,607.5,0.0001,UDP,1,1,1,0,0.0,2.2,0.5,afternoon,1568.63,0.0,0
2660,4,0.01,380434.8,572.1,843.5,598.1,357739.2,0.0023,OTHER,1,1,1,0,0.0,6.0,0.5,evening,57.21,0.0,0
46,6,3.87,11.9,1.6,35.8,21.7,470.2,0.7741,TCP,1,1,1,1,0.5,1.2,0.17,evening,0.16,0.0,0
6,4,0.07,92.0,61.4,13.8,11.2,125.0,0.0217,TCP,1,1,1,1,1.0,0.5,0.25,evening,6.14,0.0,0
0,2,0.0,0.0,100000.0,0.0,0.0,0.0,0.0,OTHER,1,1,1,0,1.0,0.0,0.5,morning,10000.0,0.0,0
0,2,0.0,0.0,22222.2,0.0,0.0,0.0,0.0001,TCP,1,1,1,1,1.0,0.0,0.0,afternoon,2222.22,0.0,0
142,4,0.05,2887.6,81.3,68.5,14.8,218.7,0.0164,UDP,1,1,1,0,0.0,2.3,0.5,evening,8.13,0.0,0
152411,195,10.92,13962.5,17.9,813.7,874.2,764213.4,0.0563,TCP,1,1,1,1,0.0,6.0,0.65,morning,1.79,0.0,0
174,2,0.0,174000.0,3278.7,133.0,73.9,5461.3,0.0006,UDP,1,1,1,0,0.0,4.4,0.5,afternoon,327.87,0.0,0
60652,89,0.49,122619.2,179.9,697.6,757.1,573168.3,0.0056,TCP,1,1,1,0,0.0,6.0,0.49,night,17.99,0.0,0
168,2,0.05,3474.2,41.4,124.0,73.9,5461.3,0.0484,UDP,1,1,1,0,0.0,4.1,0.5,morning,4.14,0.0,0
164,2,0.09,1801.8,22.0,125.0,69.9,4880.3,0.091,UDP,1,1,1,0,0.0,4.2,0.5,morning,2.2,0.0,0
6,7,0.03,203.5,237.4,34.7,21.2,450.6,0.0049,OTHER,1,1,1,0,0.5,1.2,0.14,evening,23.74,0.0,0
15220,90,112.19,135.7,0.8,259.5,366.5,134340.6,1.2606,TCP,1,1,1,1,0.0,6.0,0.5,night,0.08,0.0,0
0,13,0.0,0.0,448275.9,53.8,0.0,0.0,0.0,OTHER,1,1,1,0,0.0,1.8,0.0,afternoon,44827.59,0.0,0
188,4,0.0,188000.0,23809.5,80.0,27.4,750.0,0.0001,UDP,1,1,1,0,0.0,2.7,0.5,morning,2380.95,0.0,0
0,3,0.05,0.0,65.6,0.0,0.0,0.0,0.0229,TCP,1,1,1,0,1.0,0.0,0.0,morning,6.56,0.0,0
